Country Name,Region(),Year,Lit Rate
Algeria,Other,1960,0
Algeria,Other,1961,0
Algeria,Other,1962,0
Algeria,Other,1963,0
Algeria,Other,1964,0
Algeria,Other,1965,0
Algeria,Other,1966,0
Algeria,Other,1967,0
Algeria,Other,1968,0
Algeria,Other,1969,0
Algeria,Other,1970,0
Algeria,Other,1971,0
Algeria,Other,1972,0
Algeria,Other,1973,0
Algeria,Other,1974,0
Algeria,Other,1975,0
Algeria,Other,1976,0
Algeria,Other,1977,0
Algeria,Other,1978,0
Algeria,Other,1979,0
Algeria,Other,1980,0
Algeria,Other,1981,0
Algeria,Other,1982,0
Algeria,Other,1983,0
Algeria,Other,1984,0
Algeria,Other,1985,0
Algeria,Other,1986,0
Algeria,Other,1987,0
Algeria,Other,1988,0
Algeria,Other,1989,0
Algeria,Other,1990,0
Algeria,Other,1991,0
Algeria,Other,1992,0
Algeria,Other,1993,0
Algeria,Other,1994,0
Algeria,Other,1995,0
Algeria,Other,1996,0
Algeria,Other,1997,0
Algeria,Other,1998,0
Algeria,Other,1999,0
Algeria,Other,2000,0
Algeria,Other,2001,0
Algeria,Other,2002,0
Algeria,Other,2003,0
Algeria,Other,2004,0
Algeria,Other,2005,0
Algeria,Other,2006,0
Algeria,Other,2007,0
Algeria,Other,2008,0
Algeria,Other,2009,0
Algeria,Other,2010,0
Algeria,Other,2011,0
Algeria,Other,2012,0
Algeria,Other,2013,0
Algeria,Other,2014,0
Algeria,Other,2015,0
Algeria,Other,2016,0
Algeria,Other,2017,0
Algeria,Other,2018,0
Algeria,Other,2019,0
Algeria,Other,2020,0
Algeria,Other,2021,0
Angola,Other,1960,0
Angola,Other,1961,0
Angola,Other,1962,0
Angola,Other,1963,0
Angola,Other,1964,0
Angola,Other,1965,0
Angola,Other,1966,0
Angola,Other,1967,0
Angola,Other,1968,0
Angola,Other,1969,0
Angola,Other,1970,0
Angola,Other,1971,0
Angola,Other,1972,0
Angola,Other,1973,0
Angola,Other,1974,0
Angola,Other,1975,0
Angola,Other,1976,0
Angola,Other,1977,0
Angola,Other,1978,0
Angola,Other,1979,0
Angola,Other,1980,0
Angola,Other,1981,0
Angola,Other,1982,0
Angola,Other,1983,0
Angola,Other,1984,0
Angola,Other,1985,0
Angola,Other,1986,0
Angola,Other,1987,0
Angola,Other,1988,0
Angola,Other,1989,0
Angola,Other,1990,0
Angola,Other,1991,0
Angola,Other,1992,0
Angola,Other,1993,0
Angola,Other,1994,0
Angola,Other,1995,0
Angola,Other,1996,0
Angola,Other,1997,0
Angola,Other,1998,0
Angola,Other,1999,0
Angola,Other,2000,0
Angola,Other,2001,0
Angola,Other,2002,0
Angola,Other,2003,0
Angola,Other,2004,0
Angola,Other,2005,0
Angola,Other,2006,0
Angola,Other,2007,0
Angola,Other,2008,0
Angola,Other,2009,0
Angola,Other,2010,0
Angola,Other,2011,0
Angola,Other,2012,0
Angola,Other,2013,0
Angola,Other,2014,0
Angola,Other,2015,0
Angola,Other,2016,0
Angola,Other,2017,0
Angola,Other,2018,0
Angola,Other,2019,0
Angola,Other,2020,0
Angola,Other,2021,0
Benin,French Africa,1960,0
Benin,French Africa,1961,0
Benin,French Africa,1962,0
Benin,French Africa,1963,0
Benin,French Africa,1964,0
Benin,French Africa,1965,0
Benin,French Africa,1966,0
Benin,French Africa,1967,0
Benin,French Africa,1968,0
Benin,French Africa,1969,0
Benin,French Africa,1970,0
Benin,French Africa,1971,0
Benin,French Africa,1972,0
Benin,French Africa,1973,0
Benin,French Africa,1974,0
Benin,French Africa,1975,0
Benin,French Africa,1976,0
Benin,French Africa,1977,0
Benin,French Africa,1978,0
Benin,French Africa,1979,16.48273087
Benin,French Africa,1980,17.31061084
Benin,French Africa,1981,18.13849082
Benin,French Africa,1982,18.9663708
Benin,French Africa,1983,19.79425078
Benin,French Africa,1984,20.62213076
Benin,French Africa,1985,21.45001074
Benin,French Africa,1986,22.27789072
Benin,French Africa,1987,23.1057707
Benin,French Africa,1988,23.93365068
Benin,French Africa,1989,24.76153066
Benin,French Africa,1990,25.58941064
Benin,French Africa,1991,26.41729061
Benin,French Africa,1992,27.24517059
Benin,French Africa,1993,27.98643837
Benin,French Africa,1994,28.72770615
Benin,French Africa,1995,29.46897392
Benin,French Africa,1996,30.2102417
Benin,French Africa,1997,30.95150948
Benin,French Africa,1998,31.69277725
Benin,French Africa,1999,32.43404503
Benin,French Africa,2000,33.17531281
Benin,French Africa,2001,33.91658058
Benin,French Africa,2002,34.65784836
Benin,French Africa,2003,33.16891384
Benin,French Africa,2004,31.67997932
Benin,French Africa,2005,30.19104481
Benin,French Africa,2006,28.70211029
Benin,French Africa,2007,29.40989494
Benin,French Africa,2008,30.1176796
Benin,French Africa,2009,30.82546425
Benin,French Africa,2010,31.5332489
Benin,French Africa,2011,32.24103355
Benin,French Africa,2012,32.94881821
Benin,French Africa,2013,34.51774851
Benin,French Africa,2014,36.08667882
Benin,French Africa,2015,37.65560913
Benin,French Africa,2016,39.22453944
Benin,French Africa,2017,40.79346975
Benin,French Africa,2018,42.36240005
Benin,French Africa,2019,43.52160009
Benin,French Africa,2020,44.68080012
Benin,French Africa,2021,45.84000015
Botswana,British Africa,1960,0
Botswana,British Africa,1961,0
Botswana,British Africa,1962,0
Botswana,British Africa,1963,0
Botswana,British Africa,1964,0
Botswana,British Africa,1965,0
Botswana,British Africa,1966,0
Botswana,British Africa,1967,0
Botswana,British Africa,1968,0
Botswana,British Africa,1969,0
Botswana,British Africa,1970,0
Botswana,British Africa,1971,0
Botswana,British Africa,1972,0
Botswana,British Africa,1973,0
Botswana,British Africa,1974,0
Botswana,British Africa,1975,0
Botswana,British Africa,1976,0
Botswana,British Africa,1977,0
Botswana,British Africa,1978,0
Botswana,British Africa,1979,0
Botswana,British Africa,1980,0
Botswana,British Africa,1981,0
Botswana,British Africa,1982,0
Botswana,British Africa,1983,0
Botswana,British Africa,1984,0
Botswana,British Africa,1985,0
Botswana,British Africa,1986,0
Botswana,British Africa,1987,0
Botswana,British Africa,1988,0
Botswana,British Africa,1989,0
Botswana,British Africa,1990,0
Botswana,British Africa,1991,68.58090973
Botswana,British Africa,1992,69.63156001
Botswana,British Africa,1993,70.68221029
Botswana,British Africa,1994,71.73286057
Botswana,British Africa,1995,72.78351084
Botswana,British Africa,1996,73.83416112
Botswana,British Africa,1997,74.8848114
Botswana,British Africa,1998,75.93546168
Botswana,British Africa,1999,76.98611196
Botswana,British Africa,2000,78.03676224
Botswana,British Africa,2001,79.08741252
Botswana,British Africa,2002,80.1380628
Botswana,British Africa,2003,81.18871307
Botswana,British Africa,2004,81.75215988
Botswana,British Africa,2005,82.31560669
Botswana,British Africa,2006,82.8790535
Botswana,British Africa,2007,83.44250031
Botswana,British Africa,2008,84.00594711
Botswana,British Africa,2009,84.56939392
Botswana,British Africa,2010,85.13284073
Botswana,British Africa,2011,85.69628754
Botswana,British Africa,2012,86.25973434
Botswana,British Africa,2013,86.82318115
Botswana,British Africa,2014,86.82318115
Botswana,British Africa,2015,86.82318115
Botswana,British Africa,2016,86.82318115
Botswana,British Africa,2017,86.82318115
Botswana,British Africa,2018,86.82318115
Botswana,British Africa,2019,86.82318115
Botswana,British Africa,2020,86.82318115
Botswana,British Africa,2021,86.82318115
Burkina Faso,French Africa,1960,0
Burkina Faso,French Africa,1961,0
Burkina Faso,French Africa,1962,0
Burkina Faso,French Africa,1963,0
Burkina Faso,French Africa,1964,0
Burkina Faso,French Africa,1965,0
Burkina Faso,French Africa,1966,0
Burkina Faso,French Africa,1967,0
Burkina Faso,French Africa,1968,0
Burkina Faso,French Africa,1969,0
Burkina Faso,French Africa,1970,0
Burkina Faso,French Africa,1971,0
Burkina Faso,French Africa,1972,0
Burkina Faso,French Africa,1973,0
Burkina Faso,French Africa,1974,0
Burkina Faso,French Africa,1975,8.830229759
Burkina Faso,French Africa,1976,9.126417279
Burkina Faso,French Africa,1977,9.422604799
Burkina Faso,French Africa,1978,9.718792319
Burkina Faso,French Africa,1979,10.01497984
Burkina Faso,French Africa,1980,10.31116736
Burkina Faso,French Africa,1981,10.60735488
Burkina Faso,French Africa,1982,10.9035424
Burkina Faso,French Africa,1983,11.19972992
Burkina Faso,French Africa,1984,11.49591744
Burkina Faso,French Africa,1985,11.79210496
Burkina Faso,French Africa,1986,12.08829248
Burkina Faso,French Africa,1987,12.38448
Burkina Faso,French Africa,1988,12.68066752
Burkina Faso,French Africa,1989,12.97685504
Burkina Faso,French Africa,1990,13.27304256
Burkina Faso,French Africa,1991,13.56923008
Burkina Faso,French Africa,1992,13.42501812
Burkina Faso,French Africa,1993,13.28080616
Burkina Faso,French Africa,1994,13.1365942
Burkina Faso,French Africa,1995,12.99238224
Burkina Faso,French Africa,1996,12.84817028
Burkina Faso,French Africa,1997,14.13027736
Burkina Faso,French Africa,1998,15.41238444
Burkina Faso,French Africa,1999,16.69449152
Burkina Faso,French Africa,2000,17.9765986
Burkina Faso,French Africa,2001,19.25870568
Burkina Faso,French Africa,2002,20.54081276
Burkina Faso,French Africa,2003,21.82291985
Burkina Faso,French Africa,2004,22.67255974
Burkina Faso,French Africa,2005,23.52219963
Burkina Faso,French Africa,2006,22.47257996
Burkina Faso,French Africa,2007,28.29365921
Burkina Faso,French Africa,2008,29.19447926
Burkina Faso,French Africa,2009,30.09529931
Burkina Faso,French Africa,2010,30.99611936
Burkina Faso,French Africa,2011,31.89693941
Burkina Faso,French Africa,2012,32.79775946
Burkina Faso,French Africa,2013,33.69857952
Burkina Faso,French Africa,2014,34.59939957
Burkina Faso,French Africa,2015,35.78601265
Burkina Faso,French Africa,2016,36.97262573
Burkina Faso,French Africa,2017,38.15923882
Burkina Faso,French Africa,2018,39.3458519
Burkina Faso,French Africa,2019,41.5772349
Burkina Faso,French Africa,2020,43.80861791
Burkina Faso,French Africa,2021,46.04000092
Burundi,Other,1960,0
Burundi,Other,1961,0
Burundi,Other,1962,0
Burundi,Other,1963,0
Burundi,Other,1964,0
Burundi,Other,1965,0
Burundi,Other,1966,0
Burundi,Other,1967,0
Burundi,Other,1968,0
Burundi,Other,1969,0
Burundi,Other,1970,0
Burundi,Other,1971,0
Burundi,Other,1972,0
Burundi,Other,1973,0
Burundi,Other,1974,0
Burundi,Other,1975,0
Burundi,Other,1976,0
Burundi,Other,1977,0
Burundi,Other,1978,0
Burundi,Other,1979,0
Burundi,Other,1980,0
Burundi,Other,1981,0
Burundi,Other,1982,0
Burundi,Other,1983,0
Burundi,Other,1984,0
Burundi,Other,1985,0
Burundi,Other,1986,0
Burundi,Other,1987,0
Burundi,Other,1988,0
Burundi,Other,1989,0
Burundi,Other,1990,0
Burundi,Other,1991,0
Burundi,Other,1992,0
Burundi,Other,1993,0
Burundi,Other,1994,0
Burundi,Other,1995,0
Burundi,Other,1996,0
Burundi,Other,1997,0
Burundi,Other,1998,0
Burundi,Other,1999,0
Burundi,Other,2000,0
Burundi,Other,2001,0
Burundi,Other,2002,0
Burundi,Other,2003,0
Burundi,Other,2004,0
Burundi,Other,2005,0
Burundi,Other,2006,0
Burundi,Other,2007,0
Burundi,Other,2008,0
Burundi,Other,2009,0
Burundi,Other,2010,0
Burundi,Other,2011,0
Burundi,Other,2012,0
Burundi,Other,2013,0
Burundi,Other,2014,0
Burundi,Other,2015,0
Burundi,Other,2016,0
Burundi,Other,2017,0
Burundi,Other,2018,0
Burundi,Other,2019,0
Burundi,Other,2020,0
Burundi,Other,2021,0
Cameroon,Other,1960,0
Cameroon,Other,1961,0
Cameroon,Other,1962,0
Cameroon,Other,1963,0
Cameroon,Other,1964,0
Cameroon,Other,1965,0
Cameroon,Other,1966,0
Cameroon,Other,1967,0
Cameroon,Other,1968,0
Cameroon,Other,1969,0
Cameroon,Other,1970,0
Cameroon,Other,1971,0
Cameroon,Other,1972,0
Cameroon,Other,1973,0
Cameroon,Other,1974,0
Cameroon,Other,1975,0
Cameroon,Other,1976,0
Cameroon,Other,1977,0
Cameroon,Other,1978,0
Cameroon,Other,1979,0
Cameroon,Other,1980,0
Cameroon,Other,1981,0
Cameroon,Other,1982,0
Cameroon,Other,1983,0
Cameroon,Other,1984,0
Cameroon,Other,1985,0
Cameroon,Other,1986,0
Cameroon,Other,1987,0
Cameroon,Other,1988,0
Cameroon,Other,1989,0
Cameroon,Other,1990,0
Cameroon,Other,1991,0
Cameroon,Other,1992,0
Cameroon,Other,1993,0
Cameroon,Other,1994,0
Cameroon,Other,1995,0
Cameroon,Other,1996,0
Cameroon,Other,1997,0
Cameroon,Other,1998,0
Cameroon,Other,1999,0
Cameroon,Other,2000,0
Cameroon,Other,2001,0
Cameroon,Other,2002,0
Cameroon,Other,2003,0
Cameroon,Other,2004,0
Cameroon,Other,2005,0
Cameroon,Other,2006,0
Cameroon,Other,2007,0
Cameroon,Other,2008,0
Cameroon,Other,2009,0
Cameroon,Other,2010,0
Cameroon,Other,2011,0
Cameroon,Other,2012,0
Cameroon,Other,2013,0
Cameroon,Other,2014,0
Cameroon,Other,2015,0
Cameroon,Other,2016,0
Cameroon,Other,2017,0
Cameroon,Other,2018,0
Cameroon,Other,2019,0
Cameroon,Other,2020,0
Cameroon,Other,2021,0
Central African Republic,French Africa,1960,0
Central African Republic,French Africa,1961,0
Central African Republic,French Africa,1962,0
Central African Republic,French Africa,1963,0
Central African Republic,French Africa,1964,0
Central African Republic,French Africa,1965,0
Central African Republic,French Africa,1966,0
Central African Republic,French Africa,1967,0
Central African Republic,French Africa,1968,0
Central African Republic,French Africa,1969,0
Central African Republic,French Africa,1970,0
Central African Republic,French Africa,1971,0
Central African Republic,French Africa,1972,0
Central African Republic,French Africa,1973,0
Central African Republic,French Africa,1974,0
Central African Republic,French Africa,1975,18.23616982
Central African Republic,French Africa,1976,19.41988138
Central African Republic,French Africa,1977,20.60359295
Central African Republic,French Africa,1978,21.78730451
Central African Republic,French Africa,1979,22.97101608
Central African Republic,French Africa,1980,24.15472764
Central African Republic,French Africa,1981,25.33843921
Central African Republic,French Africa,1982,26.52215077
Central African Republic,French Africa,1983,27.70586234
Central African Republic,French Africa,1984,28.8895739
Central African Republic,French Africa,1985,30.07328547
Central African Republic,French Africa,1986,31.25699704
Central African Republic,French Africa,1987,32.4407086
Central African Republic,French Africa,1988,33.62442017
Central African Republic,French Africa,1989,35.04281584
Central African Republic,French Africa,1990,36.46121152
Central African Republic,French Africa,1991,37.8796072
Central African Republic,French Africa,1992,39.29800288
Central African Republic,French Africa,1993,40.71639856
Central African Republic,French Africa,1994,42.13479424
Central African Republic,French Africa,1995,43.55318991
Central African Republic,French Africa,1996,44.97158559
Central African Republic,French Africa,1997,46.38998127
Central African Republic,French Africa,1998,47.80837695
Central African Republic,French Africa,1999,49.22677263
Central African Republic,French Africa,2000,50.6451683
Central African Republic,French Africa,2001,49.2559124
Central African Republic,French Africa,2002,47.86665649
Central African Republic,French Africa,2003,46.47740059
Central African Republic,French Africa,2004,45.08814468
Central African Republic,French Africa,2005,43.69888878
Central African Republic,French Africa,2006,42.30963287
Central African Republic,French Africa,2007,40.92037697
Central African Republic,French Africa,2008,39.53112106
Central African Republic,French Africa,2009,38.14186516
Central African Republic,French Africa,2010,36.75260925
Central African Republic,French Africa,2011,36.83301067
Central African Republic,French Africa,2012,36.91341209
Central African Republic,French Africa,2013,36.99381351
Central African Republic,French Africa,2014,37.07421494
Central African Republic,French Africa,2015,37.15461636
Central African Republic,French Africa,2016,37.23501778
Central African Republic,French Africa,2017,37.3154192
Central African Republic,French Africa,2018,37.39582062
Central African Republic,French Africa,2019,37.44291115
Central African Republic,French Africa,2020,37.49000168
Central African Republic,French Africa,2021,37.49000168
Chad,French Africa,1960,0
Chad,French Africa,1961,0
Chad,French Africa,1962,0
Chad,French Africa,1963,0
Chad,French Africa,1964,0
Chad,French Africa,1965,0
Chad,French Africa,1966,0
Chad,French Africa,1967,0
Chad,French Africa,1968,0
Chad,French Africa,1969,0
Chad,French Africa,1970,0
Chad,French Africa,1971,0
Chad,French Africa,1972,0
Chad,French Africa,1973,0
Chad,French Africa,1974,0
Chad,French Africa,1975,0
Chad,French Africa,1976,0
Chad,French Africa,1977,0
Chad,French Africa,1978,0
Chad,French Africa,1979,0
Chad,French Africa,1980,0
Chad,French Africa,1981,0
Chad,French Africa,1982,0
Chad,French Africa,1983,0
Chad,French Africa,1984,0
Chad,French Africa,1985,0
Chad,French Africa,1986,0
Chad,French Africa,1987,0
Chad,French Africa,1988,0
Chad,French Africa,1989,0
Chad,French Africa,1990,0
Chad,French Africa,1991,0
Chad,French Africa,1992,0
Chad,French Africa,1993,10.89465046
Chad,French Africa,1994,13.00315884
Chad,French Africa,1995,15.11166722
Chad,French Africa,1996,17.22017561
Chad,French Africa,1997,19.32868399
Chad,French Africa,1998,21.43719237
Chad,French Africa,1999,23.54570075
Chad,French Africa,2000,25.65420914
Chad,French Africa,2001,26.33601427
Chad,French Africa,2002,27.0178194
Chad,French Africa,2003,27.69962454
Chad,French Africa,2004,28.38142967
Chad,French Africa,2005,28.16520795
Chad,French Africa,2006,27.94898623
Chad,French Africa,2007,27.7327645
Chad,French Africa,2008,27.51654278
Chad,French Africa,2009,27.30032106
Chad,French Africa,2010,27.08409934
Chad,French Africa,2011,26.86787761
Chad,French Africa,2012,26.65165589
Chad,French Africa,2013,26.43543417
Chad,French Africa,2014,26.21921245
Chad,French Africa,2015,26.00299072
Chad,French Africa,2016,22.31155014
Chad,French Africa,2017,23.20124016
Chad,French Africa,2018,24.09093018
Chad,French Africa,2019,24.98062019
Chad,French Africa,2020,25.87031021
Chad,French Africa,2021,26.76000023
Comoros,Other,1960,0
Comoros,Other,1961,0
Comoros,Other,1962,0
Comoros,Other,1963,0
Comoros,Other,1964,0
Comoros,Other,1965,0
Comoros,Other,1966,0
Comoros,Other,1967,0
Comoros,Other,1968,0
Comoros,Other,1969,0
Comoros,Other,1970,0
Comoros,Other,1971,0
Comoros,Other,1972,0
Comoros,Other,1973,0
Comoros,Other,1974,0
Comoros,Other,1975,0
Comoros,Other,1976,0
Comoros,Other,1977,0
Comoros,Other,1978,0
Comoros,Other,1979,0
Comoros,Other,1980,0
Comoros,Other,1981,0
Comoros,Other,1982,0
Comoros,Other,1983,0
Comoros,Other,1984,0
Comoros,Other,1985,0
Comoros,Other,1986,0
Comoros,Other,1987,0
Comoros,Other,1988,0
Comoros,Other,1989,0
Comoros,Other,1990,0
Comoros,Other,1991,0
Comoros,Other,1992,0
Comoros,Other,1993,0
Comoros,Other,1994,0
Comoros,Other,1995,0
Comoros,Other,1996,0
Comoros,Other,1997,0
Comoros,Other,1998,0
Comoros,Other,1999,0
Comoros,Other,2000,0
Comoros,Other,2001,0
Comoros,Other,2002,0
Comoros,Other,2003,0
Comoros,Other,2004,0
Comoros,Other,2005,0
Comoros,Other,2006,0
Comoros,Other,2007,0
Comoros,Other,2008,0
Comoros,Other,2009,0
Comoros,Other,2010,0
Comoros,Other,2011,0
Comoros,Other,2012,0
Comoros,Other,2013,0
Comoros,Other,2014,0
Comoros,Other,2015,0
Comoros,Other,2016,0
Comoros,Other,2017,0
Comoros,Other,2018,0
Comoros,Other,2019,0
Comoros,Other,2020,0
Comoros,Other,2021,0
Dem. Rep. Congo,Other,1960,0
Dem. Rep. Congo,Other,1961,0
Dem. Rep. Congo,Other,1962,0
Dem. Rep. Congo,Other,1963,0
Dem. Rep. Congo,Other,1964,0
Dem. Rep. Congo,Other,1965,0
Dem. Rep. Congo,Other,1966,0
Dem. Rep. Congo,Other,1967,0
Dem. Rep. Congo,Other,1968,0
Dem. Rep. Congo,Other,1969,0
Dem. Rep. Congo,Other,1970,0
Dem. Rep. Congo,Other,1971,0
Dem. Rep. Congo,Other,1972,0
Dem. Rep. Congo,Other,1973,0
Dem. Rep. Congo,Other,1974,0
Dem. Rep. Congo,Other,1975,0
Dem. Rep. Congo,Other,1976,0
Dem. Rep. Congo,Other,1977,0
Dem. Rep. Congo,Other,1978,0
Dem. Rep. Congo,Other,1979,0
Dem. Rep. Congo,Other,1980,0
Dem. Rep. Congo,Other,1981,0
Dem. Rep. Congo,Other,1982,0
Dem. Rep. Congo,Other,1983,0
Dem. Rep. Congo,Other,1984,0
Dem. Rep. Congo,Other,1985,0
Dem. Rep. Congo,Other,1986,0
Dem. Rep. Congo,Other,1987,0
Dem. Rep. Congo,Other,1988,0
Dem. Rep. Congo,Other,1989,0
Dem. Rep. Congo,Other,1990,0
Dem. Rep. Congo,Other,1991,0
Dem. Rep. Congo,Other,1992,0
Dem. Rep. Congo,Other,1993,0
Dem. Rep. Congo,Other,1994,0
Dem. Rep. Congo,Other,1995,0
Dem. Rep. Congo,Other,1996,0
Dem. Rep. Congo,Other,1997,0
Dem. Rep. Congo,Other,1998,0
Dem. Rep. Congo,Other,1999,0
Dem. Rep. Congo,Other,2000,0
Dem. Rep. Congo,Other,2001,0
Dem. Rep. Congo,Other,2002,0
Dem. Rep. Congo,Other,2003,0
Dem. Rep. Congo,Other,2004,0
Dem. Rep. Congo,Other,2005,0
Dem. Rep. Congo,Other,2006,0
Dem. Rep. Congo,Other,2007,0
Dem. Rep. Congo,Other,2008,0
Dem. Rep. Congo,Other,2009,0
Dem. Rep. Congo,Other,2010,0
Dem. Rep. Congo,Other,2011,0
Dem. Rep. Congo,Other,2012,0
Dem. Rep. Congo,Other,2013,0
Dem. Rep. Congo,Other,2014,0
Dem. Rep. Congo,Other,2015,0
Dem. Rep. Congo,Other,2016,0
Dem. Rep. Congo,Other,2017,0
Dem. Rep. Congo,Other,2018,0
Dem. Rep. Congo,Other,2019,0
Dem. Rep. Congo,Other,2020,0
Dem. Rep. Congo,Other,2021,0
Congo,French Africa,1960,0
Congo,French Africa,1961,0
Congo,French Africa,1962,0
Congo,French Africa,1963,0
Congo,French Africa,1964,0
Congo,French Africa,1965,0
Congo,French Africa,1966,0
Congo,French Africa,1967,0
Congo,French Africa,1968,0
Congo,French Africa,1969,0
Congo,French Africa,1970,0
Congo,French Africa,1971,0
Congo,French Africa,1972,0
Congo,French Africa,1973,0
Congo,French Africa,1974,0
Congo,French Africa,1975,0
Congo,French Africa,1976,0
Congo,French Africa,1977,0
Congo,French Africa,1978,0
Congo,French Africa,1979,0
Congo,French Africa,1980,0
Congo,French Africa,1981,0
Congo,French Africa,1982,0
Congo,French Africa,1983,0
Congo,French Africa,1984,59.61912155
Congo,French Africa,1985,60.40462966
Congo,French Africa,1986,61.19013777
Congo,French Africa,1987,61.97564588
Congo,French Africa,1988,62.76115399
Congo,French Africa,1989,63.5466621
Congo,French Africa,1990,64.33217021
Congo,French Africa,1991,65.11767832
Congo,French Africa,1992,65.90318643
Congo,French Africa,1993,66.68869455
Congo,French Africa,1994,67.47420266
Congo,French Africa,1995,68.25971077
Congo,French Africa,1996,69.04521888
Congo,French Africa,1997,69.83072699
Congo,French Africa,1998,70.6162351
Congo,French Africa,1999,71.40174321
Congo,French Africa,2000,72.18725132
Congo,French Africa,2001,72.97275943
Congo,French Africa,2002,73.75826754
Congo,French Africa,2003,74.54377565
Congo,French Africa,2004,75.32928376
Congo,French Africa,2005,76.11479187
Congo,French Africa,2006,76.64752197
Congo,French Africa,2007,77.18025208
Congo,French Africa,2008,77.71298218
Congo,French Africa,2009,78.24571228
Congo,French Africa,2010,78.77844238
Congo,French Africa,2011,79.31117249
Congo,French Africa,2012,79.45225634
Congo,French Africa,2013,79.59334019
Congo,French Africa,2014,79.73442405
Congo,French Africa,2015,79.8755079
Congo,French Africa,2016,80.01659175
Congo,French Africa,2017,80.15767561
Congo,French Africa,2018,80.29875946
Congo,French Africa,2019,80.40250651
Congo,French Africa,2020,80.50625356
Congo,French Africa,2021,80.61000061
Côte d'Ivoire,French Africa,1960,0
Côte d'Ivoire,French Africa,1961,0
Côte d'Ivoire,French Africa,1962,0
Côte d'Ivoire,French Africa,1963,0
Côte d'Ivoire,French Africa,1964,0
Côte d'Ivoire,French Africa,1965,0
Côte d'Ivoire,French Africa,1966,0
Côte d'Ivoire,French Africa,1967,0
Côte d'Ivoire,French Africa,1968,0
Côte d'Ivoire,French Africa,1969,0
Côte d'Ivoire,French Africa,1970,0
Côte d'Ivoire,French Africa,1971,0
Côte d'Ivoire,French Africa,1972,0
Côte d'Ivoire,French Africa,1973,0
Côte d'Ivoire,French Africa,1974,0
Côte d'Ivoire,French Africa,1975,0
Côte d'Ivoire,French Africa,1976,0
Côte d'Ivoire,French Africa,1977,0
Côte d'Ivoire,French Africa,1978,0
Côte d'Ivoire,French Africa,1979,0
Côte d'Ivoire,French Africa,1980,0
Côte d'Ivoire,French Africa,1981,0
Côte d'Ivoire,French Africa,1982,0
Côte d'Ivoire,French Africa,1983,0
Côte d'Ivoire,French Africa,1984,0
Côte d'Ivoire,French Africa,1985,0
Côte d'Ivoire,French Africa,1986,0
Côte d'Ivoire,French Africa,1987,0
Côte d'Ivoire,French Africa,1988,34.13927841
Côte d'Ivoire,French Africa,1989,34.36037445
Côte d'Ivoire,French Africa,1990,34.58147049
Côte d'Ivoire,French Africa,1991,34.80256653
Côte d'Ivoire,French Africa,1992,35.02366257
Côte d'Ivoire,French Africa,1993,35.24475861
Côte d'Ivoire,French Africa,1994,35.46585464
Côte d'Ivoire,French Africa,1995,35.68695068
Côte d'Ivoire,French Africa,1996,35.90804672
Côte d'Ivoire,French Africa,1997,36.12914276
Côte d'Ivoire,French Africa,1998,36.3502388
Côte d'Ivoire,French Africa,1999,42.5454998
Côte d'Ivoire,French Africa,2000,48.7407608
Côte d'Ivoire,French Africa,2001,48.09416644
Côte d'Ivoire,French Africa,2002,47.44757207
Côte d'Ivoire,French Africa,2003,46.80097771
Côte d'Ivoire,French Africa,2004,46.15438334
Côte d'Ivoire,French Africa,2005,45.50778898
Côte d'Ivoire,French Africa,2006,44.86119461
Côte d'Ivoire,French Africa,2007,44.21460025
Côte d'Ivoire,French Africa,2008,43.56800588
Côte d'Ivoire,French Africa,2009,42.92141151
Côte d'Ivoire,French Africa,2010,42.27481715
Côte d'Ivoire,French Africa,2011,41.62822278
Côte d'Ivoire,French Africa,2012,40.98162842
Côte d'Ivoire,French Africa,2013,42.44502449
Côte d'Ivoire,French Africa,2014,43.90842056
Côte d'Ivoire,French Africa,2015,53.10541992
Côte d'Ivoire,French Africa,2016,62.30241928
Côte d'Ivoire,French Africa,2017,71.49941864
Côte d'Ivoire,French Africa,2018,80.696418
Côte d'Ivoire,French Africa,2019,89.89341736
Côte d'Ivoire,French Africa,2020,89.89341736
Côte d'Ivoire,French Africa,2021,89.89341736
Djibouti,Other,1960,0
Djibouti,Other,1961,0
Djibouti,Other,1962,0
Djibouti,Other,1963,0
Djibouti,Other,1964,0
Djibouti,Other,1965,0
Djibouti,Other,1966,0
Djibouti,Other,1967,0
Djibouti,Other,1968,0
Djibouti,Other,1969,0
Djibouti,Other,1970,0
Djibouti,Other,1971,0
Djibouti,Other,1972,0
Djibouti,Other,1973,0
Djibouti,Other,1974,0
Djibouti,Other,1975,0
Djibouti,Other,1976,0
Djibouti,Other,1977,0
Djibouti,Other,1978,0
Djibouti,Other,1979,0
Djibouti,Other,1980,0
Djibouti,Other,1981,0
Djibouti,Other,1982,0
Djibouti,Other,1983,0
Djibouti,Other,1984,0
Djibouti,Other,1985,0
Djibouti,Other,1986,0
Djibouti,Other,1987,0
Djibouti,Other,1988,0
Djibouti,Other,1989,0
Djibouti,Other,1990,0
Djibouti,Other,1991,0
Djibouti,Other,1992,0
Djibouti,Other,1993,0
Djibouti,Other,1994,0
Djibouti,Other,1995,0
Djibouti,Other,1996,0
Djibouti,Other,1997,0
Djibouti,Other,1998,0
Djibouti,Other,1999,0
Djibouti,Other,2000,0
Djibouti,Other,2001,0
Djibouti,Other,2002,0
Djibouti,Other,2003,0
Djibouti,Other,2004,0
Djibouti,Other,2005,0
Djibouti,Other,2006,0
Djibouti,Other,2007,0
Djibouti,Other,2008,0
Djibouti,Other,2009,0
Djibouti,Other,2010,0
Djibouti,Other,2011,0
Djibouti,Other,2012,0
Djibouti,Other,2013,0
Djibouti,Other,2014,0
Djibouti,Other,2015,0
Djibouti,Other,2016,0
Djibouti,Other,2017,0
Djibouti,Other,2018,0
Djibouti,Other,2019,0
Djibouti,Other,2020,0
Djibouti,Other,2021,0
Egypt,Other,1960,0
Egypt,Other,1961,0
Egypt,Other,1962,0
Egypt,Other,1963,0
Egypt,Other,1964,0
Egypt,Other,1965,0
Egypt,Other,1966,0
Egypt,Other,1967,0
Egypt,Other,1968,0
Egypt,Other,1969,0
Egypt,Other,1970,0
Egypt,Other,1971,0
Egypt,Other,1972,0
Egypt,Other,1973,0
Egypt,Other,1974,0
Egypt,Other,1975,0
Egypt,Other,1976,0
Egypt,Other,1977,0
Egypt,Other,1978,0
Egypt,Other,1979,0
Egypt,Other,1980,0
Egypt,Other,1981,0
Egypt,Other,1982,0
Egypt,Other,1983,0
Egypt,Other,1984,0
Egypt,Other,1985,0
Egypt,Other,1986,0
Egypt,Other,1987,0
Egypt,Other,1988,0
Egypt,Other,1989,0
Egypt,Other,1990,0
Egypt,Other,1991,0
Egypt,Other,1992,0
Egypt,Other,1993,0
Egypt,Other,1994,0
Egypt,Other,1995,0
Egypt,Other,1996,0
Egypt,Other,1997,0
Egypt,Other,1998,0
Egypt,Other,1999,0
Egypt,Other,2000,0
Egypt,Other,2001,0
Egypt,Other,2002,0
Egypt,Other,2003,0
Egypt,Other,2004,0
Egypt,Other,2005,0
Egypt,Other,2006,0
Egypt,Other,2007,0
Egypt,Other,2008,0
Egypt,Other,2009,0
Egypt,Other,2010,0
Egypt,Other,2011,0
Egypt,Other,2012,0
Egypt,Other,2013,0
Egypt,Other,2014,0
Egypt,Other,2015,0
Egypt,Other,2016,0
Egypt,Other,2017,0
Egypt,Other,2018,0
Egypt,Other,2019,0
Egypt,Other,2020,0
Egypt,Other,2021,0
Eq. Guinea,Other,1960,0
Eq. Guinea,Other,1961,0
Eq. Guinea,Other,1962,0
Eq. Guinea,Other,1963,0
Eq. Guinea,Other,1964,0
Eq. Guinea,Other,1965,0
Eq. Guinea,Other,1966,0
Eq. Guinea,Other,1967,0
Eq. Guinea,Other,1968,0
Eq. Guinea,Other,1969,0
Eq. Guinea,Other,1970,0
Eq. Guinea,Other,1971,0
Eq. Guinea,Other,1972,0
Eq. Guinea,Other,1973,0
Eq. Guinea,Other,1974,0
Eq. Guinea,Other,1975,0
Eq. Guinea,Other,1976,0
Eq. Guinea,Other,1977,0
Eq. Guinea,Other,1978,0
Eq. Guinea,Other,1979,0
Eq. Guinea,Other,1980,0
Eq. Guinea,Other,1981,0
Eq. Guinea,Other,1982,0
Eq. Guinea,Other,1983,0
Eq. Guinea,Other,1984,0
Eq. Guinea,Other,1985,0
Eq. Guinea,Other,1986,0
Eq. Guinea,Other,1987,0
Eq. Guinea,Other,1988,0
Eq. Guinea,Other,1989,0
Eq. Guinea,Other,1990,0
Eq. Guinea,Other,1991,0
Eq. Guinea,Other,1992,0
Eq. Guinea,Other,1993,0
Eq. Guinea,Other,1994,0
Eq. Guinea,Other,1995,0
Eq. Guinea,Other,1996,0
Eq. Guinea,Other,1997,0
Eq. Guinea,Other,1998,0
Eq. Guinea,Other,1999,0
Eq. Guinea,Other,2000,0
Eq. Guinea,Other,2001,0
Eq. Guinea,Other,2002,0
Eq. Guinea,Other,2003,0
Eq. Guinea,Other,2004,0
Eq. Guinea,Other,2005,0
Eq. Guinea,Other,2006,0
Eq. Guinea,Other,2007,0
Eq. Guinea,Other,2008,0
Eq. Guinea,Other,2009,0
Eq. Guinea,Other,2010,0
Eq. Guinea,Other,2011,0
Eq. Guinea,Other,2012,0
Eq. Guinea,Other,2013,0
Eq. Guinea,Other,2014,0
Eq. Guinea,Other,2015,0
Eq. Guinea,Other,2016,0
Eq. Guinea,Other,2017,0
Eq. Guinea,Other,2018,0
Eq. Guinea,Other,2019,0
Eq. Guinea,Other,2020,0
Eq. Guinea,Other,2021,0
Eritrea,Other,1960,0
Eritrea,Other,1961,0
Eritrea,Other,1962,0
Eritrea,Other,1963,0
Eritrea,Other,1964,0
Eritrea,Other,1965,0
Eritrea,Other,1966,0
Eritrea,Other,1967,0
Eritrea,Other,1968,0
Eritrea,Other,1969,0
Eritrea,Other,1970,0
Eritrea,Other,1971,0
Eritrea,Other,1972,0
Eritrea,Other,1973,0
Eritrea,Other,1974,0
Eritrea,Other,1975,0
Eritrea,Other,1976,0
Eritrea,Other,1977,0
Eritrea,Other,1978,0
Eritrea,Other,1979,0
Eritrea,Other,1980,0
Eritrea,Other,1981,0
Eritrea,Other,1982,0
Eritrea,Other,1983,0
Eritrea,Other,1984,0
Eritrea,Other,1985,0
Eritrea,Other,1986,0
Eritrea,Other,1987,0
Eritrea,Other,1988,0
Eritrea,Other,1989,0
Eritrea,Other,1990,0
Eritrea,Other,1991,0
Eritrea,Other,1992,0
Eritrea,Other,1993,0
Eritrea,Other,1994,0
Eritrea,Other,1995,0
Eritrea,Other,1996,0
Eritrea,Other,1997,0
Eritrea,Other,1998,0
Eritrea,Other,1999,0
Eritrea,Other,2000,0
Eritrea,Other,2001,0
Eritrea,Other,2002,0
Eritrea,Other,2003,0
Eritrea,Other,2004,0
Eritrea,Other,2005,0
Eritrea,Other,2006,0
Eritrea,Other,2007,0
Eritrea,Other,2008,0
Eritrea,Other,2009,0
Eritrea,Other,2010,0
Eritrea,Other,2011,0
Eritrea,Other,2012,0
Eritrea,Other,2013,0
Eritrea,Other,2014,0
Eritrea,Other,2015,0
Eritrea,Other,2016,0
Eritrea,Other,2017,0
Eritrea,Other,2018,0
Eritrea,Other,2019,0
Eritrea,Other,2020,0
Eritrea,Other,2021,0
Ethiopia,Other,1960,0
Ethiopia,Other,1961,0
Ethiopia,Other,1962,0
Ethiopia,Other,1963,0
Ethiopia,Other,1964,0
Ethiopia,Other,1965,0
Ethiopia,Other,1966,0
Ethiopia,Other,1967,0
Ethiopia,Other,1968,0
Ethiopia,Other,1969,0
Ethiopia,Other,1970,0
Ethiopia,Other,1971,0
Ethiopia,Other,1972,0
Ethiopia,Other,1973,0
Ethiopia,Other,1974,0
Ethiopia,Other,1975,0
Ethiopia,Other,1976,0
Ethiopia,Other,1977,0
Ethiopia,Other,1978,0
Ethiopia,Other,1979,0
Ethiopia,Other,1980,0
Ethiopia,Other,1981,0
Ethiopia,Other,1982,0
Ethiopia,Other,1983,0
Ethiopia,Other,1984,0
Ethiopia,Other,1985,0
Ethiopia,Other,1986,0
Ethiopia,Other,1987,0
Ethiopia,Other,1988,0
Ethiopia,Other,1989,0
Ethiopia,Other,1990,0
Ethiopia,Other,1991,0
Ethiopia,Other,1992,0
Ethiopia,Other,1993,0
Ethiopia,Other,1994,0
Ethiopia,Other,1995,0
Ethiopia,Other,1996,0
Ethiopia,Other,1997,0
Ethiopia,Other,1998,0
Ethiopia,Other,1999,0
Ethiopia,Other,2000,0
Ethiopia,Other,2001,0
Ethiopia,Other,2002,0
Ethiopia,Other,2003,0
Ethiopia,Other,2004,0
Ethiopia,Other,2005,0
Ethiopia,Other,2006,0
Ethiopia,Other,2007,0
Ethiopia,Other,2008,0
Ethiopia,Other,2009,0
Ethiopia,Other,2010,0
Ethiopia,Other,2011,0
Ethiopia,Other,2012,0
Ethiopia,Other,2013,0
Ethiopia,Other,2014,0
Ethiopia,Other,2015,0
Ethiopia,Other,2016,0
Ethiopia,Other,2017,0
Ethiopia,Other,2018,0
Ethiopia,Other,2019,0
Ethiopia,Other,2020,0
Ethiopia,Other,2021,0
Gabon,French Africa,1960,0
Gabon,French Africa,1961,0
Gabon,French Africa,1962,0
Gabon,French Africa,1963,0
Gabon,French Africa,1964,0
Gabon,French Africa,1965,0
Gabon,French Africa,1966,0
Gabon,French Africa,1967,0
Gabon,French Africa,1968,0
Gabon,French Africa,1969,0
Gabon,French Africa,1970,0
Gabon,French Africa,1971,0
Gabon,French Africa,1972,0
Gabon,French Africa,1973,0
Gabon,French Africa,1974,0
Gabon,French Africa,1975,0
Gabon,French Africa,1976,0
Gabon,French Africa,1977,0
Gabon,French Africa,1978,0
Gabon,French Africa,1979,0
Gabon,French Africa,1980,0
Gabon,French Africa,1981,0
Gabon,French Africa,1982,0
Gabon,French Africa,1983,0
Gabon,French Africa,1984,0
Gabon,French Africa,1985,0
Gabon,French Africa,1986,0
Gabon,French Africa,1987,0
Gabon,French Africa,1988,0
Gabon,French Africa,1989,0
Gabon,French Africa,1990,0
Gabon,French Africa,1991,0
Gabon,French Africa,1992,0
Gabon,French Africa,1993,72.2336731
Gabon,French Africa,1994,72.76262705
Gabon,French Africa,1995,73.291581
Gabon,French Africa,1996,73.82053496
Gabon,French Africa,1997,74.34948891
Gabon,French Africa,1998,74.87844286
Gabon,French Africa,1999,75.40739682
Gabon,French Africa,2000,75.93635077
Gabon,French Africa,2001,76.46530473
Gabon,French Africa,2002,76.99425868
Gabon,French Africa,2003,77.52321263
Gabon,French Africa,2004,78.05216659
Gabon,French Africa,2005,78.58112054
Gabon,French Africa,2006,79.1100745
Gabon,French Africa,2007,79.63902845
Gabon,French Africa,2008,80.1679824
Gabon,French Africa,2009,80.69693636
Gabon,French Africa,2010,81.22589031
Gabon,French Africa,2011,81.75484426
Gabon,French Africa,2012,82.28379822
Gabon,French Africa,2013,82.68102519
Gabon,French Africa,2014,83.07825216
Gabon,French Africa,2015,83.47547913
Gabon,French Africa,2016,83.8727061
Gabon,French Africa,2017,84.26993306
Gabon,French Africa,2018,84.66716003
Gabon,French Africa,2019,84.93143972
Gabon,French Africa,2020,85.1957194
Gabon,French Africa,2021,85.45999908
"Gambia, The",British Africa,1960,0
"Gambia, The",British Africa,1961,0
"Gambia, The",British Africa,1962,0
"Gambia, The",British Africa,1963,0
"Gambia, The",British Africa,1964,0
"Gambia, The",British Africa,1965,0
"Gambia, The",British Africa,1966,0
"Gambia, The",British Africa,1967,0
"Gambia, The",British Africa,1968,0
"Gambia, The",British Africa,1969,0
"Gambia, The",British Africa,1970,0
"Gambia, The",British Africa,1971,0
"Gambia, The",British Africa,1972,0
"Gambia, The",British Africa,1973,0
"Gambia, The",British Africa,1974,0
"Gambia, The",British Africa,1975,0
"Gambia, The",British Africa,1976,0
"Gambia, The",British Africa,1977,0
"Gambia, The",British Africa,1978,0
"Gambia, The",British Africa,1979,0
"Gambia, The",British Africa,1980,0
"Gambia, The",British Africa,1981,0
"Gambia, The",British Africa,1982,0
"Gambia, The",British Africa,1983,0
"Gambia, The",British Africa,1984,0
"Gambia, The",British Africa,1985,0
"Gambia, The",British Africa,1986,0
"Gambia, The",British Africa,1987,0
"Gambia, The",British Africa,1988,0
"Gambia, The",British Africa,1989,0
"Gambia, The",British Africa,1990,0
"Gambia, The",British Africa,1991,0
"Gambia, The",British Africa,1992,0
"Gambia, The",British Africa,1993,0
"Gambia, The",British Africa,1994,0
"Gambia, The",British Africa,1995,0
"Gambia, The",British Africa,1996,0
"Gambia, The",British Africa,1997,0
"Gambia, The",British Africa,1998,0
"Gambia, The",British Africa,1999,0
"Gambia, The",British Africa,2000,36.81772995
"Gambia, The",British Africa,2001,37.21252383
"Gambia, The",British Africa,2002,37.6073177
"Gambia, The",British Africa,2003,38.00211158
"Gambia, The",British Africa,2004,38.39690546
"Gambia, The",British Africa,2005,38.79169934
"Gambia, The",British Africa,2006,39.18649321
"Gambia, The",British Africa,2007,39.58128709
"Gambia, The",British Africa,2008,39.97608097
"Gambia, The",British Africa,2009,40.37087485
"Gambia, The",British Africa,2010,40.76566872
"Gambia, The",British Africa,2011,41.1604626
"Gambia, The",British Africa,2012,41.55525648
"Gambia, The",British Africa,2013,41.95005035
"Gambia, The",British Africa,2014,46.36400986
"Gambia, The",British Africa,2015,50.77796936
"Gambia, The",British Africa,2016,51.99164136
"Gambia, The",British Africa,2017,53.20531336
"Gambia, The",British Africa,2018,54.41898537
"Gambia, The",British Africa,2019,55.63265737
"Gambia, The",British Africa,2020,56.84632937
"Gambia, The",British Africa,2021,58.06000137
Ghana,British Africa,1960,0
Ghana,British Africa,1961,0
Ghana,British Africa,1962,0
Ghana,British Africa,1963,0
Ghana,British Africa,1964,0
Ghana,British Africa,1965,0
Ghana,British Africa,1966,0
Ghana,British Africa,1967,0
Ghana,British Africa,1968,0
Ghana,British Africa,1969,0
Ghana,British Africa,1970,0
Ghana,British Africa,1971,0
Ghana,British Africa,1972,0
Ghana,British Africa,1973,0
Ghana,British Africa,1974,0
Ghana,British Africa,1975,0
Ghana,British Africa,1976,0
Ghana,British Africa,1977,0
Ghana,British Africa,1978,0
Ghana,British Africa,1979,0
Ghana,British Africa,1980,0
Ghana,British Africa,1981,0
Ghana,British Africa,1982,0
Ghana,British Africa,1983,0
Ghana,British Africa,1984,0
Ghana,British Africa,1985,0
Ghana,British Africa,1986,0
Ghana,British Africa,1987,0
Ghana,British Africa,1988,0
Ghana,British Africa,1989,0
Ghana,British Africa,1990,0
Ghana,British Africa,1991,0
Ghana,British Africa,1992,0
Ghana,British Africa,1993,0
Ghana,British Africa,1994,0
Ghana,British Africa,1995,0
Ghana,British Africa,1996,0
Ghana,British Africa,1997,0
Ghana,British Africa,1998,0
Ghana,British Africa,1999,0
Ghana,British Africa,2000,57.89746857
Ghana,British Africa,2001,59.25742874
Ghana,British Africa,2002,60.61738892
Ghana,British Africa,2003,61.97734909
Ghana,British Africa,2004,63.33730927
Ghana,British Africa,2005,64.69726944
Ghana,British Africa,2006,66.05722961
Ghana,British Africa,2007,67.41718979
Ghana,British Africa,2008,68.77714996
Ghana,British Africa,2009,70.13711014
Ghana,British Africa,2010,71.49707031
Ghana,British Africa,2011,72.43989182
Ghana,British Africa,2012,73.38271332
Ghana,British Africa,2013,74.32553482
Ghana,British Africa,2014,75.26835632
Ghana,British Africa,2015,76.21117783
Ghana,British Africa,2016,77.15399933
Ghana,British Africa,2017,78.09682083
Ghana,British Africa,2018,79.03964233
Ghana,British Africa,2019,79.70981979
Ghana,British Africa,2020,80.37999725
Ghana,British Africa,2021,80.37999725
Guinea,French Africa,1960,0
Guinea,French Africa,1961,0
Guinea,French Africa,1962,0
Guinea,French Africa,1963,0
Guinea,French Africa,1964,0
Guinea,French Africa,1965,0
Guinea,French Africa,1966,0
Guinea,French Africa,1967,0
Guinea,French Africa,1968,0
Guinea,French Africa,1969,0
Guinea,French Africa,1970,0
Guinea,French Africa,1971,0
Guinea,French Africa,1972,0
Guinea,French Africa,1973,0
Guinea,French Africa,1974,0
Guinea,French Africa,1975,0
Guinea,French Africa,1976,0
Guinea,French Africa,1977,0
Guinea,French Africa,1978,0
Guinea,French Africa,1979,0
Guinea,French Africa,1980,0
Guinea,French Africa,1981,0
Guinea,French Africa,1982,0
Guinea,French Africa,1983,0
Guinea,French Africa,1984,0
Guinea,French Africa,1985,0
Guinea,French Africa,1986,0
Guinea,French Africa,1987,0
Guinea,French Africa,1988,0
Guinea,French Africa,1989,0
Guinea,French Africa,1990,0
Guinea,French Africa,1991,0
Guinea,French Africa,1992,0
Guinea,French Africa,1993,0
Guinea,French Africa,1994,0
Guinea,French Africa,1995,0
Guinea,French Africa,1996,20.55374908
Guinea,French Africa,1997,21.86093058
Guinea,French Africa,1998,23.16811207
Guinea,French Africa,1999,24.47529357
Guinea,French Africa,2000,25.78247506
Guinea,French Africa,2001,27.08965656
Guinea,French Africa,2002,28.39683805
Guinea,French Africa,2003,29.70401955
Guinea,French Africa,2004,29.07597951
Guinea,French Africa,2005,28.44793946
Guinea,French Africa,2006,27.81989942
Guinea,French Africa,2007,27.19185938
Guinea,French Africa,2008,26.56381934
Guinea,French Africa,2009,25.9357793
Guinea,French Africa,2010,25.30773926
Guinea,French Africa,2011,26.98176479
Guinea,French Africa,2012,28.65579033
Guinea,French Africa,2013,30.32981586
Guinea,French Africa,2014,32.0038414
Guinea,French Africa,2015,33.90730095
Guinea,French Africa,2016,35.8107605
Guinea,French Africa,2017,37.71422005
Guinea,French Africa,2018,39.6176796
Guinea,French Africa,2019,41.52178701
Guinea,French Africa,2020,43.42589442
Guinea,French Africa,2021,45.33000183
Guinea-Bissau,Other,1960,0
Guinea-Bissau,Other,1961,0
Guinea-Bissau,Other,1962,0
Guinea-Bissau,Other,1963,0
Guinea-Bissau,Other,1964,0
Guinea-Bissau,Other,1965,0
Guinea-Bissau,Other,1966,0
Guinea-Bissau,Other,1967,0
Guinea-Bissau,Other,1968,0
Guinea-Bissau,Other,1969,0
Guinea-Bissau,Other,1970,0
Guinea-Bissau,Other,1971,0
Guinea-Bissau,Other,1972,0
Guinea-Bissau,Other,1973,0
Guinea-Bissau,Other,1974,0
Guinea-Bissau,Other,1975,0
Guinea-Bissau,Other,1976,0
Guinea-Bissau,Other,1977,0
Guinea-Bissau,Other,1978,0
Guinea-Bissau,Other,1979,0
Guinea-Bissau,Other,1980,0
Guinea-Bissau,Other,1981,0
Guinea-Bissau,Other,1982,0
Guinea-Bissau,Other,1983,0
Guinea-Bissau,Other,1984,0
Guinea-Bissau,Other,1985,0
Guinea-Bissau,Other,1986,0
Guinea-Bissau,Other,1987,0
Guinea-Bissau,Other,1988,0
Guinea-Bissau,Other,1989,0
Guinea-Bissau,Other,1990,0
Guinea-Bissau,Other,1991,0
Guinea-Bissau,Other,1992,0
Guinea-Bissau,Other,1993,0
Guinea-Bissau,Other,1994,0
Guinea-Bissau,Other,1995,0
Guinea-Bissau,Other,1996,0
Guinea-Bissau,Other,1997,0
Guinea-Bissau,Other,1998,0
Guinea-Bissau,Other,1999,0
Guinea-Bissau,Other,2000,0
Guinea-Bissau,Other,2001,0
Guinea-Bissau,Other,2002,0
Guinea-Bissau,Other,2003,0
Guinea-Bissau,Other,2004,0
Guinea-Bissau,Other,2005,0
Guinea-Bissau,Other,2006,0
Guinea-Bissau,Other,2007,0
Guinea-Bissau,Other,2008,0
Guinea-Bissau,Other,2009,0
Guinea-Bissau,Other,2010,0
Guinea-Bissau,Other,2011,0
Guinea-Bissau,Other,2012,0
Guinea-Bissau,Other,2013,0
Guinea-Bissau,Other,2014,0
Guinea-Bissau,Other,2015,0
Guinea-Bissau,Other,2016,0
Guinea-Bissau,Other,2017,0
Guinea-Bissau,Other,2018,0
Guinea-Bissau,Other,2019,0
Guinea-Bissau,Other,2020,0
Guinea-Bissau,Other,2021,0
Kenya,British Africa,1960,0
Kenya,British Africa,1961,0
Kenya,British Africa,1962,0
Kenya,British Africa,1963,0
Kenya,British Africa,1964,0
Kenya,British Africa,1965,0
Kenya,British Africa,1966,0
Kenya,British Africa,1967,0
Kenya,British Africa,1968,0
Kenya,British Africa,1969,0
Kenya,British Africa,1970,0
Kenya,British Africa,1971,0
Kenya,British Africa,1972,0
Kenya,British Africa,1973,0
Kenya,British Africa,1974,0
Kenya,British Africa,1975,0
Kenya,British Africa,1976,0
Kenya,British Africa,1977,0
Kenya,British Africa,1978,0
Kenya,British Africa,1979,0
Kenya,British Africa,1980,0
Kenya,British Africa,1981,0
Kenya,British Africa,1982,0
Kenya,British Africa,1983,0
Kenya,British Africa,1984,0
Kenya,British Africa,1985,0
Kenya,British Africa,1986,0
Kenya,British Africa,1987,0
Kenya,British Africa,1988,0
Kenya,British Africa,1989,0
Kenya,British Africa,1990,0
Kenya,British Africa,1991,0
Kenya,British Africa,1992,0
Kenya,British Africa,1993,0
Kenya,British Africa,1994,0
Kenya,British Africa,1995,0
Kenya,British Africa,1996,0
Kenya,British Africa,1997,0
Kenya,British Africa,1998,0
Kenya,British Africa,1999,0
Kenya,British Africa,2000,82.2290802
Kenya,British Africa,2001,80.79021563
Kenya,British Africa,2002,79.35135106
Kenya,British Africa,2003,77.91248649
Kenya,British Africa,2004,76.47362191
Kenya,British Africa,2005,75.03475734
Kenya,British Africa,2006,73.59589277
Kenya,British Africa,2007,72.1570282
Kenya,British Africa,2008,73.09645844
Kenya,British Africa,2009,74.03588867
Kenya,British Africa,2010,74.97531891
Kenya,British Africa,2011,75.91474915
Kenya,British Africa,2012,76.85417938
Kenya,British Africa,2013,77.79360962
Kenya,British Africa,2014,78.73303986
Kenya,British Africa,2015,79.43352318
Kenya,British Africa,2016,80.1340065
Kenya,British Africa,2017,80.83448982
Kenya,British Africa,2018,81.53497314
Kenya,British Africa,2019,81.89664968
Kenya,British Africa,2020,82.25832621
Kenya,British Africa,2021,82.62000275
Lesotho,British Africa,1960,0
Lesotho,British Africa,1961,0
Lesotho,British Africa,1962,0
Lesotho,British Africa,1963,0
Lesotho,British Africa,1964,0
Lesotho,British Africa,1965,0
Lesotho,British Africa,1966,0
Lesotho,British Africa,1967,0
Lesotho,British Africa,1968,0
Lesotho,British Africa,1969,0
Lesotho,British Africa,1970,0
Lesotho,British Africa,1971,0
Lesotho,British Africa,1972,0
Lesotho,British Africa,1973,0
Lesotho,British Africa,1974,0
Lesotho,British Africa,1975,0
Lesotho,British Africa,1976,0
Lesotho,British Africa,1977,0
Lesotho,British Africa,1978,0
Lesotho,British Africa,1979,0
Lesotho,British Africa,1980,0
Lesotho,British Africa,1981,0
Lesotho,British Africa,1982,0
Lesotho,British Africa,1983,0
Lesotho,British Africa,1984,0
Lesotho,British Africa,1985,0
Lesotho,British Africa,1986,0
Lesotho,British Africa,1987,0
Lesotho,British Africa,1988,0
Lesotho,British Africa,1989,0
Lesotho,British Africa,1990,0
Lesotho,British Africa,1991,0
Lesotho,British Africa,1992,0
Lesotho,British Africa,1993,0
Lesotho,British Africa,1994,0
Lesotho,British Africa,1995,0
Lesotho,British Africa,1996,0
Lesotho,British Africa,1997,0
Lesotho,British Africa,1998,0
Lesotho,British Africa,1999,0
Lesotho,British Africa,2000,86.25443268
Lesotho,British Africa,2001,85.09285143
Lesotho,British Africa,2002,83.93127018
Lesotho,British Africa,2003,82.76968892
Lesotho,British Africa,2004,81.60810767
Lesotho,British Africa,2005,80.44652642
Lesotho,British Africa,2006,79.28494517
Lesotho,British Africa,2007,78.12336392
Lesotho,British Africa,2008,76.96178267
Lesotho,British Africa,2009,75.80020142
Lesotho,British Africa,2010,75.96720123
Lesotho,British Africa,2011,76.13420105
Lesotho,British Africa,2012,76.30120087
Lesotho,British Africa,2013,76.46820068
Lesotho,British Africa,2014,76.6352005
Lesotho,British Africa,2015,77.26159995
Lesotho,British Africa,2016,77.8879994
Lesotho,British Africa,2017,78.51439885
Lesotho,British Africa,2018,79.1407983
Lesotho,British Africa,2019,79.76719775
Lesotho,British Africa,2020,80.39359719
Lesotho,British Africa,2021,81.01999664
Liberia,Other,1960,0
Liberia,Other,1961,0
Liberia,Other,1962,0
Liberia,Other,1963,0
Liberia,Other,1964,0
Liberia,Other,1965,0
Liberia,Other,1966,0
Liberia,Other,1967,0
Liberia,Other,1968,0
Liberia,Other,1969,0
Liberia,Other,1970,0
Liberia,Other,1971,0
Liberia,Other,1972,0
Liberia,Other,1973,0
Liberia,Other,1974,0
Liberia,Other,1975,0
Liberia,Other,1976,0
Liberia,Other,1977,0
Liberia,Other,1978,0
Liberia,Other,1979,0
Liberia,Other,1980,0
Liberia,Other,1981,0
Liberia,Other,1982,0
Liberia,Other,1983,0
Liberia,Other,1984,0
Liberia,Other,1985,0
Liberia,Other,1986,0
Liberia,Other,1987,0
Liberia,Other,1988,0
Liberia,Other,1989,0
Liberia,Other,1990,0
Liberia,Other,1991,0
Liberia,Other,1992,0
Liberia,Other,1993,0
Liberia,Other,1994,0
Liberia,Other,1995,0
Liberia,Other,1996,0
Liberia,Other,1997,0
Liberia,Other,1998,0
Liberia,Other,1999,0
Liberia,Other,2000,0
Liberia,Other,2001,0
Liberia,Other,2002,0
Liberia,Other,2003,0
Liberia,Other,2004,0
Liberia,Other,2005,0
Liberia,Other,2006,0
Liberia,Other,2007,0
Liberia,Other,2008,0
Liberia,Other,2009,0
Liberia,Other,2010,0
Liberia,Other,2011,0
Liberia,Other,2012,0
Liberia,Other,2013,0
Liberia,Other,2014,0
Liberia,Other,2015,0
Liberia,Other,2016,0
Liberia,Other,2017,0
Liberia,Other,2018,0
Liberia,Other,2019,0
Liberia,Other,2020,0
Liberia,Other,2021,0
Libya,Other,1960,0
Libya,Other,1961,0
Libya,Other,1962,0
Libya,Other,1963,0
Libya,Other,1964,0
Libya,Other,1965,0
Libya,Other,1966,0
Libya,Other,1967,0
Libya,Other,1968,0
Libya,Other,1969,0
Libya,Other,1970,0
Libya,Other,1971,0
Libya,Other,1972,0
Libya,Other,1973,0
Libya,Other,1974,0
Libya,Other,1975,0
Libya,Other,1976,0
Libya,Other,1977,0
Libya,Other,1978,0
Libya,Other,1979,0
Libya,Other,1980,0
Libya,Other,1981,0
Libya,Other,1982,0
Libya,Other,1983,0
Libya,Other,1984,0
Libya,Other,1985,0
Libya,Other,1986,0
Libya,Other,1987,0
Libya,Other,1988,0
Libya,Other,1989,0
Libya,Other,1990,0
Libya,Other,1991,0
Libya,Other,1992,0
Libya,Other,1993,0
Libya,Other,1994,0
Libya,Other,1995,0
Libya,Other,1996,0
Libya,Other,1997,0
Libya,Other,1998,0
Libya,Other,1999,0
Libya,Other,2000,0
Libya,Other,2001,0
Libya,Other,2002,0
Libya,Other,2003,0
Libya,Other,2004,0
Libya,Other,2005,0
Libya,Other,2006,0
Libya,Other,2007,0
Libya,Other,2008,0
Libya,Other,2009,0
Libya,Other,2010,0
Libya,Other,2011,0
Libya,Other,2012,0
Libya,Other,2013,0
Libya,Other,2014,0
Libya,Other,2015,0
Libya,Other,2016,0
Libya,Other,2017,0
Libya,Other,2018,0
Libya,Other,2019,0
Libya,Other,2020,0
Libya,Other,2021,0
Madagascar,Other,1960,0
Madagascar,Other,1961,0
Madagascar,Other,1962,0
Madagascar,Other,1963,0
Madagascar,Other,1964,0
Madagascar,Other,1965,0
Madagascar,Other,1966,0
Madagascar,Other,1967,0
Madagascar,Other,1968,0
Madagascar,Other,1969,0
Madagascar,Other,1970,0
Madagascar,Other,1971,0
Madagascar,Other,1972,0
Madagascar,Other,1973,0
Madagascar,Other,1974,0
Madagascar,Other,1975,0
Madagascar,Other,1976,0
Madagascar,Other,1977,0
Madagascar,Other,1978,0
Madagascar,Other,1979,0
Madagascar,Other,1980,0
Madagascar,Other,1981,0
Madagascar,Other,1982,0
Madagascar,Other,1983,0
Madagascar,Other,1984,0
Madagascar,Other,1985,0
Madagascar,Other,1986,0
Madagascar,Other,1987,0
Madagascar,Other,1988,0
Madagascar,Other,1989,0
Madagascar,Other,1990,0
Madagascar,Other,1991,0
Madagascar,Other,1992,0
Madagascar,Other,1993,0
Madagascar,Other,1994,0
Madagascar,Other,1995,0
Madagascar,Other,1996,0
Madagascar,Other,1997,0
Madagascar,Other,1998,0
Madagascar,Other,1999,0
Madagascar,Other,2000,0
Madagascar,Other,2001,0
Madagascar,Other,2002,0
Madagascar,Other,2003,0
Madagascar,Other,2004,0
Madagascar,Other,2005,0
Madagascar,Other,2006,0
Madagascar,Other,2007,0
Madagascar,Other,2008,0
Madagascar,Other,2009,0
Madagascar,Other,2010,0
Madagascar,Other,2011,0
Madagascar,Other,2012,0
Madagascar,Other,2013,0
Madagascar,Other,2014,0
Madagascar,Other,2015,0
Madagascar,Other,2016,0
Madagascar,Other,2017,0
Madagascar,Other,2018,0
Madagascar,Other,2019,0
Madagascar,Other,2020,0
Madagascar,Other,2021,0
Malawi,British Africa,1960,0
Malawi,British Africa,1961,0
Malawi,British Africa,1962,0
Malawi,British Africa,1963,0
Malawi,British Africa,1964,0
Malawi,British Africa,1965,0
Malawi,British Africa,1966,0
Malawi,British Africa,1967,0
Malawi,British Africa,1968,0
Malawi,British Africa,1969,0
Malawi,British Africa,1970,0
Malawi,British Africa,1971,0
Malawi,British Africa,1972,0
Malawi,British Africa,1973,0
Malawi,British Africa,1974,0
Malawi,British Africa,1975,0
Malawi,British Africa,1976,0
Malawi,British Africa,1977,0
Malawi,British Africa,1978,0
Malawi,British Africa,1979,0
Malawi,British Africa,1980,0
Malawi,British Africa,1981,0
Malawi,British Africa,1982,0
Malawi,British Africa,1983,0
Malawi,British Africa,1984,0
Malawi,British Africa,1985,0
Malawi,British Africa,1986,0
Malawi,British Africa,1987,48.53665161
Malawi,British Africa,1988,49.95461481
Malawi,British Africa,1989,51.37257801
Malawi,British Africa,1990,52.79054122
Malawi,British Africa,1991,54.20850442
Malawi,British Africa,1992,55.62646762
Malawi,British Africa,1993,57.04443082
Malawi,British Africa,1994,58.46239402
Malawi,British Africa,1995,59.88035722
Malawi,British Africa,1996,61.29832042
Malawi,British Africa,1997,62.71628362
Malawi,British Africa,1998,64.13424683
Malawi,British Africa,1999,63.89886951
Malawi,British Africa,2000,63.6634922
Malawi,British Africa,2001,63.42811489
Malawi,British Africa,2002,63.19273758
Malawi,British Africa,2003,62.95736027
Malawi,British Africa,2004,62.72198296
Malawi,British Africa,2005,62.48660564
Malawi,British Africa,2006,62.25122833
Malawi,British Africa,2007,62.01585102
Malawi,British Africa,2008,61.78047371
Malawi,British Africa,2009,61.5450964
Malawi,British Africa,2010,61.30971909
Malawi,British Africa,2011,62.26863194
Malawi,British Africa,2012,63.22754478
Malawi,British Africa,2013,64.18645763
Malawi,British Africa,2014,65.14537048
Malawi,British Africa,2015,62.14353943
Malawi,British Africa,2016,63.00461578
Malawi,British Africa,2017,63.86569214
Malawi,British Africa,2018,64.72676849
Malawi,British Africa,2019,65.58784485
Malawi,British Africa,2020,66.4489212
Malawi,British Africa,2021,67.30999756
Mali,French Africa,1960,0
Mali,French Africa,1961,0
Mali,French Africa,1962,0
Mali,French Africa,1963,0
Mali,French Africa,1964,0
Mali,French Africa,1965,0
Mali,French Africa,1966,0
Mali,French Africa,1967,0
Mali,French Africa,1968,0
Mali,French Africa,1969,0
Mali,French Africa,1970,0
Mali,French Africa,1971,0
Mali,French Africa,1972,0
Mali,French Africa,1973,0
Mali,French Africa,1974,0
Mali,French Africa,1975,0
Mali,French Africa,1976,9.433810234
Mali,French Africa,1977,9.870681112
Mali,French Africa,1978,10.30755199
Mali,French Africa,1979,10.74442287
Mali,French Africa,1980,11.18129375
Mali,French Africa,1981,11.61816463
Mali,French Africa,1982,12.0550355
Mali,French Africa,1983,12.49190638
Mali,French Africa,1984,12.92877726
Mali,French Africa,1985,13.36564814
Mali,French Africa,1986,13.80251902
Mali,French Africa,1987,14.2393899
Mali,French Africa,1988,14.67626077
Mali,French Africa,1989,15.11313165
Mali,French Africa,1990,15.55000253
Mali,French Africa,1991,15.98687341
Mali,French Africa,1992,16.42374429
Mali,French Africa,1993,16.86061517
Mali,French Africa,1994,17.29748605
Mali,French Africa,1995,17.73435692
Mali,French Africa,1996,18.1712278
Mali,French Africa,1997,18.60809868
Mali,French Africa,1998,19.04496956
Mali,French Africa,1999,20.03597565
Mali,French Africa,2000,21.02698174
Mali,French Africa,2001,22.01798782
Mali,French Africa,2002,23.00899391
Mali,French Africa,2003,24
Mali,French Africa,2004,24.72551664
Mali,French Africa,2005,25.45103327
Mali,French Africa,2006,26.17654991
Mali,French Africa,2007,27.40735006
Mali,French Africa,2008,28.63815022
Mali,French Africa,2009,29.86895037
Mali,French Africa,2010,31.09975052
Mali,French Africa,2011,30.61866951
Mali,French Africa,2012,31.23122454
Mali,French Africa,2013,31.84377956
Mali,French Africa,2014,32.45633459
Mali,French Africa,2015,33.06888962
Mali,French Africa,2016,33.87051646
Mali,French Africa,2017,34.6721433
Mali,French Africa,2018,35.47377014
Mali,French Africa,2019,33.11758995
Mali,French Africa,2020,30.76140976
Mali,French Africa,2021,30.76140976
Mauritania,French Africa,1960,0
Mauritania,French Africa,1961,0
Mauritania,French Africa,1962,0
Mauritania,French Africa,1963,0
Mauritania,French Africa,1964,0
Mauritania,French Africa,1965,0
Mauritania,French Africa,1966,0
Mauritania,French Africa,1967,0
Mauritania,French Africa,1968,0
Mauritania,French Africa,1969,0
Mauritania,French Africa,1970,0
Mauritania,French Africa,1971,0
Mauritania,French Africa,1972,0
Mauritania,French Africa,1973,0
Mauritania,French Africa,1974,0
Mauritania,French Africa,1975,0
Mauritania,French Africa,1976,0
Mauritania,French Africa,1977,0
Mauritania,French Africa,1978,0
Mauritania,French Africa,1979,0
Mauritania,French Africa,1980,0
Mauritania,French Africa,1981,0
Mauritania,French Africa,1982,0
Mauritania,French Africa,1983,0
Mauritania,French Africa,1984,0
Mauritania,French Africa,1985,0
Mauritania,French Africa,1986,0
Mauritania,French Africa,1987,0
Mauritania,French Africa,1988,0
Mauritania,French Africa,1989,0
Mauritania,French Africa,1990,0
Mauritania,French Africa,1991,0
Mauritania,French Africa,1992,0
Mauritania,French Africa,1993,0
Mauritania,French Africa,1994,0
Mauritania,French Africa,1995,0
Mauritania,French Africa,1996,0
Mauritania,French Africa,1997,0
Mauritania,French Africa,1998,0
Mauritania,French Africa,1999,0
Mauritania,French Africa,2000,51.20767975
Mauritania,French Africa,2001,50.39283698
Mauritania,French Africa,2002,49.57799421
Mauritania,French Africa,2003,48.76315144
Mauritania,French Africa,2004,47.94830867
Mauritania,French Africa,2005,47.1334659
Mauritania,French Africa,2006,46.31862313
Mauritania,French Africa,2007,45.50378036
Mauritania,French Africa,2008,48.26460838
Mauritania,French Africa,2009,51.0254364
Mauritania,French Africa,2010,53.78626442
Mauritania,French Africa,2011,56.54709244
Mauritania,French Africa,2012,59.30792046
Mauritania,French Africa,2013,62.06874847
Mauritania,French Africa,2014,59.92595863
Mauritania,French Africa,2015,57.78316879
Mauritania,French Africa,2016,55.64037895
Mauritania,French Africa,2017,53.49758911
Mauritania,French Africa,2018,56.8631916
Mauritania,French Africa,2019,60.2287941
Mauritania,French Africa,2020,63.59439659
Mauritania,French Africa,2021,66.95999908
Mauritius,Other,1960,0
Mauritius,Other,1961,0
Mauritius,Other,1962,0
Mauritius,Other,1963,0
Mauritius,Other,1964,0
Mauritius,Other,1965,0
Mauritius,Other,1966,0
Mauritius,Other,1967,0
Mauritius,Other,1968,0
Mauritius,Other,1969,0
Mauritius,Other,1970,0
Mauritius,Other,1971,0
Mauritius,Other,1972,0
Mauritius,Other,1973,0
Mauritius,Other,1974,0
Mauritius,Other,1975,0
Mauritius,Other,1976,0
Mauritius,Other,1977,0
Mauritius,Other,1978,0
Mauritius,Other,1979,0
Mauritius,Other,1980,0
Mauritius,Other,1981,0
Mauritius,Other,1982,0
Mauritius,Other,1983,0
Mauritius,Other,1984,0
Mauritius,Other,1985,0
Mauritius,Other,1986,0
Mauritius,Other,1987,0
Mauritius,Other,1988,0
Mauritius,Other,1989,0
Mauritius,Other,1990,0
Mauritius,Other,1991,0
Mauritius,Other,1992,0
Mauritius,Other,1993,0
Mauritius,Other,1994,0
Mauritius,Other,1995,0
Mauritius,Other,1996,0
Mauritius,Other,1997,0
Mauritius,Other,1998,0
Mauritius,Other,1999,0
Mauritius,Other,2000,0
Mauritius,Other,2001,0
Mauritius,Other,2002,0
Mauritius,Other,2003,0
Mauritius,Other,2004,0
Mauritius,Other,2005,0
Mauritius,Other,2006,0
Mauritius,Other,2007,0
Mauritius,Other,2008,0
Mauritius,Other,2009,0
Mauritius,Other,2010,0
Mauritius,Other,2011,0
Mauritius,Other,2012,0
Mauritius,Other,2013,0
Mauritius,Other,2014,0
Mauritius,Other,2015,0
Mauritius,Other,2016,0
Mauritius,Other,2017,0
Mauritius,Other,2018,0
Mauritius,Other,2019,0
Mauritius,Other,2020,0
Mauritius,Other,2021,0
Morocco,Other,1960,0
Morocco,Other,1961,0
Morocco,Other,1962,0
Morocco,Other,1963,0
Morocco,Other,1964,0
Morocco,Other,1965,0
Morocco,Other,1966,0
Morocco,Other,1967,0
Morocco,Other,1968,0
Morocco,Other,1969,0
Morocco,Other,1970,0
Morocco,Other,1971,0
Morocco,Other,1972,0
Morocco,Other,1973,0
Morocco,Other,1974,0
Morocco,Other,1975,0
Morocco,Other,1976,0
Morocco,Other,1977,0
Morocco,Other,1978,0
Morocco,Other,1979,0
Morocco,Other,1980,0
Morocco,Other,1981,0
Morocco,Other,1982,0
Morocco,Other,1983,0
Morocco,Other,1984,0
Morocco,Other,1985,0
Morocco,Other,1986,0
Morocco,Other,1987,0
Morocco,Other,1988,0
Morocco,Other,1989,0
Morocco,Other,1990,0
Morocco,Other,1991,0
Morocco,Other,1992,0
Morocco,Other,1993,0
Morocco,Other,1994,0
Morocco,Other,1995,0
Morocco,Other,1996,0
Morocco,Other,1997,0
Morocco,Other,1998,0
Morocco,Other,1999,0
Morocco,Other,2000,0
Morocco,Other,2001,0
Morocco,Other,2002,0
Morocco,Other,2003,0
Morocco,Other,2004,0
Morocco,Other,2005,0
Morocco,Other,2006,0
Morocco,Other,2007,0
Morocco,Other,2008,0
Morocco,Other,2009,0
Morocco,Other,2010,0
Morocco,Other,2011,0
Morocco,Other,2012,0
Morocco,Other,2013,0
Morocco,Other,2014,0
Morocco,Other,2015,0
Morocco,Other,2016,0
Morocco,Other,2017,0
Morocco,Other,2018,0
Morocco,Other,2019,0
Morocco,Other,2020,0
Morocco,Other,2021,0
Mozambique,Other,1960,0
Mozambique,Other,1961,0
Mozambique,Other,1962,0
Mozambique,Other,1963,0
Mozambique,Other,1964,0
Mozambique,Other,1965,0
Mozambique,Other,1966,0
Mozambique,Other,1967,0
Mozambique,Other,1968,0
Mozambique,Other,1969,0
Mozambique,Other,1970,0
Mozambique,Other,1971,0
Mozambique,Other,1972,0
Mozambique,Other,1973,0
Mozambique,Other,1974,0
Mozambique,Other,1975,0
Mozambique,Other,1976,0
Mozambique,Other,1977,0
Mozambique,Other,1978,0
Mozambique,Other,1979,0
Mozambique,Other,1980,0
Mozambique,Other,1981,0
Mozambique,Other,1982,0
Mozambique,Other,1983,0
Mozambique,Other,1984,0
Mozambique,Other,1985,0
Mozambique,Other,1986,0
Mozambique,Other,1987,0
Mozambique,Other,1988,0
Mozambique,Other,1989,0
Mozambique,Other,1990,0
Mozambique,Other,1991,0
Mozambique,Other,1992,0
Mozambique,Other,1993,0
Mozambique,Other,1994,0
Mozambique,Other,1995,0
Mozambique,Other,1996,0
Mozambique,Other,1997,0
Mozambique,Other,1998,0
Mozambique,Other,1999,0
Mozambique,Other,2000,0
Mozambique,Other,2001,0
Mozambique,Other,2002,0
Mozambique,Other,2003,0
Mozambique,Other,2004,0
Mozambique,Other,2005,0
Mozambique,Other,2006,0
Mozambique,Other,2007,0
Mozambique,Other,2008,0
Mozambique,Other,2009,0
Mozambique,Other,2010,0
Mozambique,Other,2011,0
Mozambique,Other,2012,0
Mozambique,Other,2013,0
Mozambique,Other,2014,0
Mozambique,Other,2015,0
Mozambique,Other,2016,0
Mozambique,Other,2017,0
Mozambique,Other,2018,0
Mozambique,Other,2019,0
Mozambique,Other,2020,0
Mozambique,Other,2021,0
Namibia,Other,1960,0
Namibia,Other,1961,0
Namibia,Other,1962,0
Namibia,Other,1963,0
Namibia,Other,1964,0
Namibia,Other,1965,0
Namibia,Other,1966,0
Namibia,Other,1967,0
Namibia,Other,1968,0
Namibia,Other,1969,0
Namibia,Other,1970,0
Namibia,Other,1971,0
Namibia,Other,1972,0
Namibia,Other,1973,0
Namibia,Other,1974,0
Namibia,Other,1975,0
Namibia,Other,1976,0
Namibia,Other,1977,0
Namibia,Other,1978,0
Namibia,Other,1979,0
Namibia,Other,1980,0
Namibia,Other,1981,0
Namibia,Other,1982,0
Namibia,Other,1983,0
Namibia,Other,1984,0
Namibia,Other,1985,0
Namibia,Other,1986,0
Namibia,Other,1987,0
Namibia,Other,1988,0
Namibia,Other,1989,0
Namibia,Other,1990,0
Namibia,Other,1991,0
Namibia,Other,1992,0
Namibia,Other,1993,0
Namibia,Other,1994,0
Namibia,Other,1995,0
Namibia,Other,1996,0
Namibia,Other,1997,0
Namibia,Other,1998,0
Namibia,Other,1999,0
Namibia,Other,2000,0
Namibia,Other,2001,0
Namibia,Other,2002,0
Namibia,Other,2003,0
Namibia,Other,2004,0
Namibia,Other,2005,0
Namibia,Other,2006,0
Namibia,Other,2007,0
Namibia,Other,2008,0
Namibia,Other,2009,0
Namibia,Other,2010,0
Namibia,Other,2011,0
Namibia,Other,2012,0
Namibia,Other,2013,0
Namibia,Other,2014,0
Namibia,Other,2015,0
Namibia,Other,2016,0
Namibia,Other,2017,0
Namibia,Other,2018,0
Namibia,Other,2019,0
Namibia,Other,2020,0
Namibia,Other,2021,0
Niger,French Africa,1960,0
Niger,French Africa,1961,0
Niger,French Africa,1962,0
Niger,French Africa,1963,0
Niger,French Africa,1964,0
Niger,French Africa,1965,0
Niger,French Africa,1966,0
Niger,French Africa,1967,0
Niger,French Africa,1968,0
Niger,French Africa,1969,0
Niger,French Africa,1970,0
Niger,French Africa,1971,0
Niger,French Africa,1972,0
Niger,French Africa,1973,0
Niger,French Africa,1974,0
Niger,French Africa,1975,0
Niger,French Africa,1976,0
Niger,French Africa,1977,0
Niger,French Africa,1978,0
Niger,French Africa,1979,0
Niger,French Africa,1980,0
Niger,French Africa,1981,0
Niger,French Africa,1982,0
Niger,French Africa,1983,0
Niger,French Africa,1984,0
Niger,French Africa,1985,0
Niger,French Africa,1986,0
Niger,French Africa,1987,0
Niger,French Africa,1988,0
Niger,French Africa,1989,0
Niger,French Africa,1990,0
Niger,French Africa,1991,0
Niger,French Africa,1992,0
Niger,French Africa,1993,0
Niger,French Africa,1994,0
Niger,French Africa,1995,0
Niger,French Africa,1996,0
Niger,French Africa,1997,0
Niger,French Africa,1998,0
Niger,French Africa,1999,0
Niger,French Africa,2000,0
Niger,French Africa,2001,14.37604046
Niger,French Africa,2002,17.95013547
Niger,French Africa,2003,21.52423048
Niger,French Africa,2004,25.09832549
Niger,French Africa,2005,28.6724205
Niger,French Africa,2006,28.9421305
Niger,French Africa,2007,29.21184049
Niger,French Africa,2008,29.48155049
Niger,French Africa,2009,29.75126048
Niger,French Africa,2010,30.02097048
Niger,French Africa,2011,30.29068048
Niger,French Africa,2012,30.56039047
Niger,French Africa,2013,31.3086586
Niger,French Africa,2014,32.05692673
Niger,French Africa,2015,32.80519485
Niger,French Africa,2016,33.55346298
Niger,French Africa,2017,34.30173111
Niger,French Africa,2018,35.04999924
Niger,French Africa,2019,35.81333288
Niger,French Africa,2020,36.57666651
Niger,French Africa,2021,37.34000015
Nigeria,British Africa,1960,0
Nigeria,British Africa,1961,0
Nigeria,British Africa,1962,0
Nigeria,British Africa,1963,0
Nigeria,British Africa,1964,0
Nigeria,British Africa,1965,0
Nigeria,British Africa,1966,0
Nigeria,British Africa,1967,0
Nigeria,British Africa,1968,0
Nigeria,British Africa,1969,0
Nigeria,British Africa,1970,0
Nigeria,British Africa,1971,0
Nigeria,British Africa,1972,0
Nigeria,British Africa,1973,0
Nigeria,British Africa,1974,0
Nigeria,British Africa,1975,0
Nigeria,British Africa,1976,0
Nigeria,British Africa,1977,0
Nigeria,British Africa,1978,0
Nigeria,British Africa,1979,0
Nigeria,British Africa,1980,0
Nigeria,British Africa,1981,0
Nigeria,British Africa,1982,0
Nigeria,British Africa,1983,0
Nigeria,British Africa,1984,0
Nigeria,British Africa,1985,0
Nigeria,British Africa,1986,0
Nigeria,British Africa,1987,0
Nigeria,British Africa,1988,0
Nigeria,British Africa,1989,0
Nigeria,British Africa,1990,0
Nigeria,British Africa,1991,55.44675064
Nigeria,British Africa,1992,55.3906196
Nigeria,British Africa,1993,55.33448855
Nigeria,British Africa,1994,55.27835751
Nigeria,British Africa,1995,55.22222646
Nigeria,British Africa,1996,55.16609542
Nigeria,British Africa,1997,55.10996437
Nigeria,British Africa,1998,55.05383333
Nigeria,British Africa,1999,54.99770228
Nigeria,British Africa,2000,54.94157124
Nigeria,British Africa,2001,54.88544019
Nigeria,British Africa,2002,54.82930915
Nigeria,British Africa,2003,54.7731781
Nigeria,British Africa,2004,59.91490173
Nigeria,British Africa,2005,65.05662537
Nigeria,British Africa,2006,70.198349
Nigeria,British Africa,2007,60.6380043
Nigeria,British Africa,2008,51.07765961
Nigeria,British Africa,2009,52.17149467
Nigeria,British Africa,2010,53.26532974
Nigeria,British Africa,2011,54.35916481
Nigeria,British Africa,2012,55.45299988
Nigeria,British Africa,2013,56.54683495
Nigeria,British Africa,2014,57.64067001
Nigeria,British Africa,2015,58.73450508
Nigeria,British Africa,2016,59.82834015
Nigeria,British Africa,2017,60.92217522
Nigeria,British Africa,2018,62.01601028
Nigeria,British Africa,2019,62.01601028
Nigeria,British Africa,2020,62.01601028
Nigeria,British Africa,2021,62.01601028
Sao Tome and Principe,Other,1960,0
Sao Tome and Principe,Other,1961,0
Sao Tome and Principe,Other,1962,0
Sao Tome and Principe,Other,1963,0
Sao Tome and Principe,Other,1964,0
Sao Tome and Principe,Other,1965,0
Sao Tome and Principe,Other,1966,0
Sao Tome and Principe,Other,1967,0
Sao Tome and Principe,Other,1968,0
Sao Tome and Principe,Other,1969,0
Sao Tome and Principe,Other,1970,0
Sao Tome and Principe,Other,1971,0
Sao Tome and Principe,Other,1972,0
Sao Tome and Principe,Other,1973,0
Sao Tome and Principe,Other,1974,0
Sao Tome and Principe,Other,1975,0
Sao Tome and Principe,Other,1976,0
Sao Tome and Principe,Other,1977,0
Sao Tome and Principe,Other,1978,0
Sao Tome and Principe,Other,1979,0
Sao Tome and Principe,Other,1980,0
Sao Tome and Principe,Other,1981,0
Sao Tome and Principe,Other,1982,0
Sao Tome and Principe,Other,1983,0
Sao Tome and Principe,Other,1984,0
Sao Tome and Principe,Other,1985,0
Sao Tome and Principe,Other,1986,0
Sao Tome and Principe,Other,1987,0
Sao Tome and Principe,Other,1988,0
Sao Tome and Principe,Other,1989,0
Sao Tome and Principe,Other,1990,0
Sao Tome and Principe,Other,1991,0
Sao Tome and Principe,Other,1992,0
Sao Tome and Principe,Other,1993,0
Sao Tome and Principe,Other,1994,0
Sao Tome and Principe,Other,1995,0
Sao Tome and Principe,Other,1996,0
Sao Tome and Principe,Other,1997,0
Sao Tome and Principe,Other,1998,0
Sao Tome and Principe,Other,1999,0
Sao Tome and Principe,Other,2000,0
Sao Tome and Principe,Other,2001,0
Sao Tome and Principe,Other,2002,0
Sao Tome and Principe,Other,2003,0
Sao Tome and Principe,Other,2004,0
Sao Tome and Principe,Other,2005,0
Sao Tome and Principe,Other,2006,0
Sao Tome and Principe,Other,2007,0
Sao Tome and Principe,Other,2008,0
Sao Tome and Principe,Other,2009,0
Sao Tome and Principe,Other,2010,0
Sao Tome and Principe,Other,2011,0
Sao Tome and Principe,Other,2012,0
Sao Tome and Principe,Other,2013,0
Sao Tome and Principe,Other,2014,0
Sao Tome and Principe,Other,2015,0
Sao Tome and Principe,Other,2016,0
Sao Tome and Principe,Other,2017,0
Sao Tome and Principe,Other,2018,0
Sao Tome and Principe,Other,2019,0
Sao Tome and Principe,Other,2020,0
Sao Tome and Principe,Other,2021,0
Senegal,French Africa,1960,0
Senegal,French Africa,1961,0
Senegal,French Africa,1962,0
Senegal,French Africa,1963,0
Senegal,French Africa,1964,0
Senegal,French Africa,1965,0
Senegal,French Africa,1966,0
Senegal,French Africa,1967,0
Senegal,French Africa,1968,0
Senegal,French Africa,1969,0
Senegal,French Africa,1970,0
Senegal,French Africa,1971,0
Senegal,French Africa,1972,0
Senegal,French Africa,1973,0
Senegal,French Africa,1974,0
Senegal,French Africa,1975,0
Senegal,French Africa,1976,0
Senegal,French Africa,1977,0
Senegal,French Africa,1978,0
Senegal,French Africa,1979,0
Senegal,French Africa,1980,0
Senegal,French Africa,1981,0
Senegal,French Africa,1982,0
Senegal,French Africa,1983,0
Senegal,French Africa,1984,0
Senegal,French Africa,1985,0
Senegal,French Africa,1986,0
Senegal,French Africa,1987,0
Senegal,French Africa,1988,26.86885071
Senegal,French Africa,1989,27.75502205
Senegal,French Africa,1990,28.64119339
Senegal,French Africa,1991,29.52736473
Senegal,French Africa,1992,30.41353607
Senegal,French Africa,1993,31.29970741
Senegal,French Africa,1994,32.18587875
Senegal,French Africa,1995,33.07205009
Senegal,French Africa,1996,33.95822144
Senegal,French Africa,1997,34.84439278
Senegal,French Africa,1998,35.73056412
Senegal,French Africa,1999,36.61673546
Senegal,French Africa,2000,37.5029068
Senegal,French Africa,2001,38.38907814
Senegal,French Africa,2002,39.27524948
Senegal,French Africa,2003,39.92922497
Senegal,French Africa,2004,40.58320045
Senegal,French Africa,2005,41.23717594
Senegal,French Africa,2006,41.89115143
Senegal,French Africa,2007,43.93969472
Senegal,French Africa,2008,45.98823802
Senegal,French Africa,2009,48.03678131
Senegal,French Africa,2010,49.9256649
Senegal,French Africa,2011,51.81454849
Senegal,French Africa,2012,47.67452431
Senegal,French Africa,2013,43.53450012
Senegal,French Africa,2014,45.62598038
Senegal,French Africa,2015,47.71746063
Senegal,French Africa,2016,49.80894089
Senegal,French Africa,2017,51.90042114
Senegal,French Africa,2018,53.00031567
Senegal,French Africa,2019,54.10021019
Senegal,French Africa,2020,55.20010471
Senegal,French Africa,2021,56.29999924
Seychelles,Other,1960,0
Seychelles,Other,1961,0
Seychelles,Other,1962,0
Seychelles,Other,1963,0
Seychelles,Other,1964,0
Seychelles,Other,1965,0
Seychelles,Other,1966,0
Seychelles,Other,1967,0
Seychelles,Other,1968,0
Seychelles,Other,1969,0
Seychelles,Other,1970,0
Seychelles,Other,1971,0
Seychelles,Other,1972,0
Seychelles,Other,1973,0
Seychelles,Other,1974,0
Seychelles,Other,1975,0
Seychelles,Other,1976,0
Seychelles,Other,1977,0
Seychelles,Other,1978,0
Seychelles,Other,1979,0
Seychelles,Other,1980,0
Seychelles,Other,1981,0
Seychelles,Other,1982,0
Seychelles,Other,1983,0
Seychelles,Other,1984,0
Seychelles,Other,1985,0
Seychelles,Other,1986,0
Seychelles,Other,1987,0
Seychelles,Other,1988,0
Seychelles,Other,1989,0
Seychelles,Other,1990,0
Seychelles,Other,1991,0
Seychelles,Other,1992,0
Seychelles,Other,1993,0
Seychelles,Other,1994,0
Seychelles,Other,1995,0
Seychelles,Other,1996,0
Seychelles,Other,1997,0
Seychelles,Other,1998,0
Seychelles,Other,1999,0
Seychelles,Other,2000,0
Seychelles,Other,2001,0
Seychelles,Other,2002,0
Seychelles,Other,2003,0
Seychelles,Other,2004,0
Seychelles,Other,2005,0
Seychelles,Other,2006,0
Seychelles,Other,2007,0
Seychelles,Other,2008,0
Seychelles,Other,2009,0
Seychelles,Other,2010,0
Seychelles,Other,2011,0
Seychelles,Other,2012,0
Seychelles,Other,2013,0
Seychelles,Other,2014,0
Seychelles,Other,2015,0
Seychelles,Other,2016,0
Seychelles,Other,2017,0
Seychelles,Other,2018,0
Seychelles,Other,2019,0
Seychelles,Other,2020,0
Seychelles,Other,2021,0
Sierra Leone,British Africa,1960,0
Sierra Leone,British Africa,1961,0
Sierra Leone,British Africa,1962,0
Sierra Leone,British Africa,1963,0
Sierra Leone,British Africa,1964,0
Sierra Leone,British Africa,1965,0
Sierra Leone,British Africa,1966,0
Sierra Leone,British Africa,1967,0
Sierra Leone,British Africa,1968,0
Sierra Leone,British Africa,1969,0
Sierra Leone,British Africa,1970,0
Sierra Leone,British Africa,1971,0
Sierra Leone,British Africa,1972,0
Sierra Leone,British Africa,1973,0
Sierra Leone,British Africa,1974,0
Sierra Leone,British Africa,1975,0
Sierra Leone,British Africa,1976,0
Sierra Leone,British Africa,1977,0
Sierra Leone,British Africa,1978,0
Sierra Leone,British Africa,1979,0
Sierra Leone,British Africa,1980,0
Sierra Leone,British Africa,1981,0
Sierra Leone,British Africa,1982,0
Sierra Leone,British Africa,1983,0
Sierra Leone,British Africa,1984,0
Sierra Leone,British Africa,1985,0
Sierra Leone,British Africa,1986,0
Sierra Leone,British Africa,1987,0
Sierra Leone,British Africa,1988,0
Sierra Leone,British Africa,1989,0
Sierra Leone,British Africa,1990,0
Sierra Leone,British Africa,1991,0
Sierra Leone,British Africa,1992,0
Sierra Leone,British Africa,1993,0
Sierra Leone,British Africa,1994,0
Sierra Leone,British Africa,1995,0
Sierra Leone,British Africa,1996,0
Sierra Leone,British Africa,1997,0
Sierra Leone,British Africa,1998,0
Sierra Leone,British Africa,1999,0
Sierra Leone,British Africa,2000,0
Sierra Leone,British Africa,2001,0
Sierra Leone,British Africa,2002,0
Sierra Leone,British Africa,2003,0
Sierra Leone,British Africa,2004,34.82678986
Sierra Leone,British Africa,2005,34.56005436
Sierra Leone,British Africa,2006,34.29331885
Sierra Leone,British Africa,2007,34.02658335
Sierra Leone,British Africa,2008,33.75984785
Sierra Leone,British Africa,2009,33.49311235
Sierra Leone,British Africa,2010,33.22637685
Sierra Leone,British Africa,2011,32.95964135
Sierra Leone,British Africa,2012,32.69290585
Sierra Leone,British Africa,2013,32.42617035
Sierra Leone,British Africa,2014,34.58220215
Sierra Leone,British Africa,2015,36.73823395
Sierra Leone,British Africa,2016,38.89426575
Sierra Leone,British Africa,2017,41.05029755
Sierra Leone,British Africa,2018,43.20632935
Sierra Leone,British Africa,2019,44.70421982
Sierra Leone,British Africa,2020,46.20211029
Sierra Leone,British Africa,2021,47.70000076
Somalia,Other,1960,0
Somalia,Other,1961,0
Somalia,Other,1962,0
Somalia,Other,1963,0
Somalia,Other,1964,0
Somalia,Other,1965,0
Somalia,Other,1966,0
Somalia,Other,1967,0
Somalia,Other,1968,0
Somalia,Other,1969,0
Somalia,Other,1970,0
Somalia,Other,1971,0
Somalia,Other,1972,0
Somalia,Other,1973,0
Somalia,Other,1974,0
Somalia,Other,1975,0
Somalia,Other,1976,0
Somalia,Other,1977,0
Somalia,Other,1978,0
Somalia,Other,1979,0
Somalia,Other,1980,0
Somalia,Other,1981,0
Somalia,Other,1982,0
Somalia,Other,1983,0
Somalia,Other,1984,0
Somalia,Other,1985,0
Somalia,Other,1986,0
Somalia,Other,1987,0
Somalia,Other,1988,0
Somalia,Other,1989,0
Somalia,Other,1990,0
Somalia,Other,1991,0
Somalia,Other,1992,0
Somalia,Other,1993,0
Somalia,Other,1994,0
Somalia,Other,1995,0
Somalia,Other,1996,0
Somalia,Other,1997,0
Somalia,Other,1998,0
Somalia,Other,1999,0
Somalia,Other,2000,0
Somalia,Other,2001,0
Somalia,Other,2002,0
Somalia,Other,2003,0
Somalia,Other,2004,0
Somalia,Other,2005,0
Somalia,Other,2006,0
Somalia,Other,2007,0
Somalia,Other,2008,0
Somalia,Other,2009,0
Somalia,Other,2010,0
Somalia,Other,2011,0
Somalia,Other,2012,0
Somalia,Other,2013,0
Somalia,Other,2014,0
Somalia,Other,2015,0
Somalia,Other,2016,0
Somalia,Other,2017,0
Somalia,Other,2018,0
Somalia,Other,2019,0
Somalia,Other,2020,0
Somalia,Other,2021,0
South Africa,British Africa,1960,0
South Africa,British Africa,1961,0
South Africa,British Africa,1962,0
South Africa,British Africa,1963,0
South Africa,British Africa,1964,0
South Africa,British Africa,1965,0
South Africa,British Africa,1966,0
South Africa,British Africa,1967,0
South Africa,British Africa,1968,0
South Africa,British Africa,1969,0
South Africa,British Africa,1970,0
South Africa,British Africa,1971,0
South Africa,British Africa,1972,0
South Africa,British Africa,1973,0
South Africa,British Africa,1974,0
South Africa,British Africa,1975,0
South Africa,British Africa,1976,0
South Africa,British Africa,1977,0
South Africa,British Africa,1978,0
South Africa,British Africa,1979,0
South Africa,British Africa,1980,76.20049286
South Africa,British Africa,1981,76.58809328
South Africa,British Africa,1982,76.9756937
South Africa,British Africa,1983,77.36329412
South Africa,British Africa,1984,77.75089455
South Africa,British Africa,1985,78.13849497
South Africa,British Africa,1986,78.52609539
South Africa,British Africa,1987,78.91369581
South Africa,British Africa,1988,79.30129623
South Africa,British Africa,1989,79.68889666
South Africa,British Africa,1990,80.07649708
South Africa,British Africa,1991,80.4640975
South Africa,British Africa,1992,80.85169792
South Africa,British Africa,1993,81.23929834
South Africa,British Africa,1994,81.62689877
South Africa,British Africa,1995,82.01449919
South Africa,British Africa,1996,82.40209961
South Africa,British Africa,1997,82.97620392
South Africa,British Africa,1998,83.55030823
South Africa,British Africa,1999,84.12441254
South Africa,British Africa,2000,84.69851685
South Africa,British Africa,2001,85.27262115
South Africa,British Africa,2002,85.84672546
South Africa,British Africa,2003,86.42082977
South Africa,British Africa,2004,86.99493408
South Africa,British Africa,2005,87.56903839
South Africa,British Africa,2006,88.1431427
South Africa,British Africa,2007,88.71724701
South Africa,British Africa,2008,90.80605316
South Africa,British Africa,2009,92.89485931
South Africa,British Africa,2010,92.87731934
South Africa,British Africa,2011,93.10214233
South Africa,British Africa,2012,93.7294693
South Africa,British Africa,2013,93.93468475
South Africa,British Africa,2014,94.13990021
South Africa,British Africa,2015,94.36791992
South Africa,British Africa,2016,90.70729446
South Africa,British Africa,2017,87.04666901
South Africa,British Africa,2018,91.03482056
South Africa,British Africa,2019,95.02297211
South Africa,British Africa,2020,95.02297211
South Africa,British Africa,2021,95.02297211
South Sudan,Other,1960,0
South Sudan,Other,1961,0
South Sudan,Other,1962,0
South Sudan,Other,1963,0
South Sudan,Other,1964,0
South Sudan,Other,1965,0
South Sudan,Other,1966,0
South Sudan,Other,1967,0
South Sudan,Other,1968,0
South Sudan,Other,1969,0
South Sudan,Other,1970,0
South Sudan,Other,1971,0
South Sudan,Other,1972,0
South Sudan,Other,1973,0
South Sudan,Other,1974,0
South Sudan,Other,1975,0
South Sudan,Other,1976,0
South Sudan,Other,1977,0
South Sudan,Other,1978,0
South Sudan,Other,1979,0
South Sudan,Other,1980,0
South Sudan,Other,1981,0
South Sudan,Other,1982,0
South Sudan,Other,1983,0
South Sudan,Other,1984,0
South Sudan,Other,1985,0
South Sudan,Other,1986,0
South Sudan,Other,1987,0
South Sudan,Other,1988,0
South Sudan,Other,1989,0
South Sudan,Other,1990,0
South Sudan,Other,1991,0
South Sudan,Other,1992,0
South Sudan,Other,1993,0
South Sudan,Other,1994,0
South Sudan,Other,1995,0
South Sudan,Other,1996,0
South Sudan,Other,1997,0
South Sudan,Other,1998,0
South Sudan,Other,1999,0
South Sudan,Other,2000,0
South Sudan,Other,2001,0
South Sudan,Other,2002,0
South Sudan,Other,2003,0
South Sudan,Other,2004,0
South Sudan,Other,2005,0
South Sudan,Other,2006,0
South Sudan,Other,2007,0
South Sudan,Other,2008,0
South Sudan,Other,2009,0
South Sudan,Other,2010,0
South Sudan,Other,2011,0
South Sudan,Other,2012,0
South Sudan,Other,2013,0
South Sudan,Other,2014,0
South Sudan,Other,2015,0
South Sudan,Other,2016,0
South Sudan,Other,2017,0
South Sudan,Other,2018,0
South Sudan,Other,2019,0
South Sudan,Other,2020,0
South Sudan,Other,2021,0
Sudan,British Africa,1960,0
Sudan,British Africa,1961,0
Sudan,British Africa,1962,0
Sudan,British Africa,1963,0
Sudan,British Africa,1964,0
Sudan,British Africa,1965,0
Sudan,British Africa,1966,0
Sudan,British Africa,1967,0
Sudan,British Africa,1968,0
Sudan,British Africa,1969,0
Sudan,British Africa,1970,0
Sudan,British Africa,1971,0
Sudan,British Africa,1972,0
Sudan,British Africa,1973,0
Sudan,British Africa,1974,0
Sudan,British Africa,1975,0
Sudan,British Africa,1976,0
Sudan,British Africa,1977,0
Sudan,British Africa,1978,0
Sudan,British Africa,1979,0
Sudan,British Africa,1980,0
Sudan,British Africa,1981,0
Sudan,British Africa,1982,0
Sudan,British Africa,1983,0
Sudan,British Africa,1984,0
Sudan,British Africa,1985,0
Sudan,British Africa,1986,0
Sudan,British Africa,1987,0
Sudan,British Africa,1988,0
Sudan,British Africa,1989,0
Sudan,British Africa,1990,0
Sudan,British Africa,1991,0
Sudan,British Africa,1992,0
Sudan,British Africa,1993,0
Sudan,British Africa,1994,0
Sudan,British Africa,1995,0
Sudan,British Africa,1996,0
Sudan,British Africa,1997,0
Sudan,British Africa,1998,0
Sudan,British Africa,1999,0
Sudan,British Africa,2000,61.34587097
Sudan,British Africa,2001,60.36730957
Sudan,British Africa,2002,59.38874817
Sudan,British Africa,2003,58.41018677
Sudan,British Africa,2004,57.43162537
Sudan,British Africa,2005,56.45306396
Sudan,British Africa,2006,55.47450256
Sudan,British Africa,2007,54.49594116
Sudan,British Africa,2008,53.51737976
Sudan,British Africa,2009,54.23535995
Sudan,British Africa,2010,54.95334015
Sudan,British Africa,2011,55.67132034
Sudan,British Africa,2012,56.38930054
Sudan,British Africa,2013,57.10728073
Sudan,British Africa,2014,57.82526093
Sudan,British Africa,2015,58.54324112
Sudan,British Africa,2016,59.26122131
Sudan,British Africa,2017,59.97920151
Sudan,British Africa,2018,60.6971817
Sudan,British Africa,2019,60.6971817
Sudan,British Africa,2020,60.6971817
Sudan,British Africa,2021,60.6971817
Tanzania,Other,1960,0
Tanzania,Other,1961,0
Tanzania,Other,1962,0
Tanzania,Other,1963,0
Tanzania,Other,1964,0
Tanzania,Other,1965,0
Tanzania,Other,1966,0
Tanzania,Other,1967,0
Tanzania,Other,1968,0
Tanzania,Other,1969,0
Tanzania,Other,1970,0
Tanzania,Other,1971,0
Tanzania,Other,1972,0
Tanzania,Other,1973,0
Tanzania,Other,1974,0
Tanzania,Other,1975,0
Tanzania,Other,1976,0
Tanzania,Other,1977,0
Tanzania,Other,1978,0
Tanzania,Other,1979,0
Tanzania,Other,1980,0
Tanzania,Other,1981,0
Tanzania,Other,1982,0
Tanzania,Other,1983,0
Tanzania,Other,1984,0
Tanzania,Other,1985,0
Tanzania,Other,1986,0
Tanzania,Other,1987,0
Tanzania,Other,1988,0
Tanzania,Other,1989,0
Tanzania,Other,1990,0
Tanzania,Other,1991,0
Tanzania,Other,1992,0
Tanzania,Other,1993,0
Tanzania,Other,1994,0
Tanzania,Other,1995,0
Tanzania,Other,1996,0
Tanzania,Other,1997,0
Tanzania,Other,1998,0
Tanzania,Other,1999,0
Tanzania,Other,2000,0
Tanzania,Other,2001,0
Tanzania,Other,2002,0
Tanzania,Other,2003,0
Tanzania,Other,2004,0
Tanzania,Other,2005,0
Tanzania,Other,2006,0
Tanzania,Other,2007,0
Tanzania,Other,2008,0
Tanzania,Other,2009,0
Tanzania,Other,2010,0
Tanzania,Other,2011,0
Tanzania,Other,2012,0
Tanzania,Other,2013,0
Tanzania,Other,2014,0
Tanzania,Other,2015,0
Tanzania,Other,2016,0
Tanzania,Other,2017,0
Tanzania,Other,2018,0
Tanzania,Other,2019,0
Tanzania,Other,2020,0
Tanzania,Other,2021,0
Togo,Other,1960,0
Togo,Other,1961,0
Togo,Other,1962,0
Togo,Other,1963,0
Togo,Other,1964,0
Togo,Other,1965,0
Togo,Other,1966,0
Togo,Other,1967,0
Togo,Other,1968,0
Togo,Other,1969,0
Togo,Other,1970,0
Togo,Other,1971,0
Togo,Other,1972,0
Togo,Other,1973,0
Togo,Other,1974,0
Togo,Other,1975,0
Togo,Other,1976,0
Togo,Other,1977,0
Togo,Other,1978,0
Togo,Other,1979,0
Togo,Other,1980,0
Togo,Other,1981,0
Togo,Other,1982,0
Togo,Other,1983,0
Togo,Other,1984,0
Togo,Other,1985,0
Togo,Other,1986,0
Togo,Other,1987,0
Togo,Other,1988,0
Togo,Other,1989,0
Togo,Other,1990,0
Togo,Other,1991,0
Togo,Other,1992,0
Togo,Other,1993,0
Togo,Other,1994,0
Togo,Other,1995,0
Togo,Other,1996,0
Togo,Other,1997,0
Togo,Other,1998,0
Togo,Other,1999,0
Togo,Other,2000,0
Togo,Other,2001,0
Togo,Other,2002,0
Togo,Other,2003,0
Togo,Other,2004,0
Togo,Other,2005,0
Togo,Other,2006,0
Togo,Other,2007,0
Togo,Other,2008,0
Togo,Other,2009,0
Togo,Other,2010,0
Togo,Other,2011,0
Togo,Other,2012,0
Togo,Other,2013,0
Togo,Other,2014,0
Togo,Other,2015,0
Togo,Other,2016,0
Togo,Other,2017,0
Togo,Other,2018,0
Togo,Other,2019,0
Togo,Other,2020,0
Togo,Other,2021,0
Tunisia,Other,1960,0
Tunisia,Other,1961,0
Tunisia,Other,1962,0
Tunisia,Other,1963,0
Tunisia,Other,1964,0
Tunisia,Other,1965,0
Tunisia,Other,1966,0
Tunisia,Other,1967,0
Tunisia,Other,1968,0
Tunisia,Other,1969,0
Tunisia,Other,1970,0
Tunisia,Other,1971,0
Tunisia,Other,1972,0
Tunisia,Other,1973,0
Tunisia,Other,1974,0
Tunisia,Other,1975,0
Tunisia,Other,1976,0
Tunisia,Other,1977,0
Tunisia,Other,1978,0
Tunisia,Other,1979,0
Tunisia,Other,1980,0
Tunisia,Other,1981,0
Tunisia,Other,1982,0
Tunisia,Other,1983,0
Tunisia,Other,1984,0
Tunisia,Other,1985,0
Tunisia,Other,1986,0
Tunisia,Other,1987,0
Tunisia,Other,1988,0
Tunisia,Other,1989,0
Tunisia,Other,1990,0
Tunisia,Other,1991,0
Tunisia,Other,1992,0
Tunisia,Other,1993,0
Tunisia,Other,1994,0
Tunisia,Other,1995,0
Tunisia,Other,1996,0
Tunisia,Other,1997,0
Tunisia,Other,1998,0
Tunisia,Other,1999,0
Tunisia,Other,2000,0
Tunisia,Other,2001,0
Tunisia,Other,2002,0
Tunisia,Other,2003,0
Tunisia,Other,2004,0
Tunisia,Other,2005,0
Tunisia,Other,2006,0
Tunisia,Other,2007,0
Tunisia,Other,2008,0
Tunisia,Other,2009,0
Tunisia,Other,2010,0
Tunisia,Other,2011,0
Tunisia,Other,2012,0
Tunisia,Other,2013,0
Tunisia,Other,2014,0
Tunisia,Other,2015,0
Tunisia,Other,2016,0
Tunisia,Other,2017,0
Tunisia,Other,2018,0
Tunisia,Other,2019,0
Tunisia,Other,2020,0
Tunisia,Other,2021,0
Uganda,British Africa,1960,0
Uganda,British Africa,1961,0
Uganda,British Africa,1962,0
Uganda,British Africa,1963,0
Uganda,British Africa,1964,0
Uganda,British Africa,1965,0
Uganda,British Africa,1966,0
Uganda,British Africa,1967,0
Uganda,British Africa,1968,0
Uganda,British Africa,1969,0
Uganda,British Africa,1970,0
Uganda,British Africa,1971,0
Uganda,British Africa,1972,0
Uganda,British Africa,1973,0
Uganda,British Africa,1974,0
Uganda,British Africa,1975,0
Uganda,British Africa,1976,0
Uganda,British Africa,1977,0
Uganda,British Africa,1978,0
Uganda,British Africa,1979,0
Uganda,British Africa,1980,0
Uganda,British Africa,1981,0
Uganda,British Africa,1982,0
Uganda,British Africa,1983,0
Uganda,British Africa,1984,0
Uganda,British Africa,1985,0
Uganda,British Africa,1986,0
Uganda,British Africa,1987,0
Uganda,British Africa,1988,0
Uganda,British Africa,1989,0
Uganda,British Africa,1990,0
Uganda,British Africa,1991,56.10737991
Uganda,British Africa,1992,57.2014826
Uganda,British Africa,1993,58.29558529
Uganda,British Africa,1994,59.38968797
Uganda,British Africa,1995,60.48379066
Uganda,British Africa,1996,61.57789334
Uganda,British Africa,1997,62.67199603
Uganda,British Africa,1998,63.76609872
Uganda,British Africa,1999,64.8602014
Uganda,British Africa,2000,65.95430409
Uganda,British Africa,2001,67.04840677
Uganda,British Africa,2002,68.14250946
Uganda,British Africa,2003,68.9501667
Uganda,British Africa,2004,69.75782394
Uganda,British Africa,2005,70.56548119
Uganda,British Africa,2006,71.37313843
Uganda,British Africa,2007,71.83282471
Uganda,British Africa,2008,72.29251099
Uganda,British Africa,2009,72.75219727
Uganda,British Africa,2010,73.21188354
Uganda,British Africa,2011,71.70505142
Uganda,British Africa,2012,70.1982193
Uganda,British Africa,2013,71.25309881
Uganda,British Africa,2014,72.30797831
Uganda,British Africa,2015,73.36285782
Uganda,British Africa,2016,74.41773733
Uganda,British Africa,2017,75.47261683
Uganda,British Africa,2018,76.52749634
Uganda,British Africa,2019,77.35166423
Uganda,British Africa,2020,78.17583211
Uganda,British Africa,2021,79
Zambia,British Africa,1960,0
Zambia,British Africa,1961,0
Zambia,British Africa,1962,0
Zambia,British Africa,1963,0
Zambia,British Africa,1964,0
Zambia,British Africa,1965,0
Zambia,British Africa,1966,0
Zambia,British Africa,1967,0
Zambia,British Africa,1968,0
Zambia,British Africa,1969,0
Zambia,British Africa,1970,0
Zambia,British Africa,1971,0
Zambia,British Africa,1972,0
Zambia,British Africa,1973,0
Zambia,British Africa,1974,0
Zambia,British Africa,1975,0
Zambia,British Africa,1976,0
Zambia,British Africa,1977,0
Zambia,British Africa,1978,0
Zambia,British Africa,1979,0
Zambia,British Africa,1980,0
Zambia,British Africa,1981,0
Zambia,British Africa,1982,0
Zambia,British Africa,1983,0
Zambia,British Africa,1984,0
Zambia,British Africa,1985,0
Zambia,British Africa,1986,0
Zambia,British Africa,1987,0
Zambia,British Africa,1988,0
Zambia,British Africa,1989,0
Zambia,British Africa,1990,64.99828339
Zambia,British Africa,1991,65.33200667
Zambia,British Africa,1992,65.66572995
Zambia,British Africa,1993,65.99945323
Zambia,British Africa,1994,66.33317651
Zambia,British Africa,1995,66.66689979
Zambia,British Africa,1996,67.00062307
Zambia,British Africa,1997,67.33434635
Zambia,British Africa,1998,67.66806963
Zambia,British Africa,1999,68.00179291
Zambia,British Africa,2000,68.38426971
Zambia,British Africa,2001,68.76674652
Zambia,British Africa,2002,69.14922333
Zambia,British Africa,2003,67.54479675
Zambia,British Africa,2004,65.94037018
Zambia,British Africa,2005,64.3359436
Zambia,British Africa,2006,62.73151703
Zambia,British Africa,2007,61.12709045
Zambia,British Africa,2008,68.42061615
Zambia,British Africa,2009,75.71414185
Zambia,British Africa,2010,83.00766754
Zambia,British Africa,2011,83.47520447
Zambia,British Africa,2012,83.94274139
Zambia,British Africa,2013,84.41027832
Zambia,British Africa,2014,84.87781525
Zambia,British Africa,2015,85.34535217
Zambia,British Africa,2016,85.8128891
Zambia,British Africa,2017,86.28042603
Zambia,British Africa,2018,86.74796295
Zambia,British Africa,2019,87.12398148
Zambia,British Africa,2020,87.5
Zambia,British Africa,2021,87.5
Zimbabwe,British Africa,1960,0
Zimbabwe,British Africa,1961,0
Zimbabwe,British Africa,1962,0
Zimbabwe,British Africa,1963,0
Zimbabwe,British Africa,1964,0
Zimbabwe,British Africa,1965,0
Zimbabwe,British Africa,1966,0
Zimbabwe,British Africa,1967,0
Zimbabwe,British Africa,1968,0
Zimbabwe,British Africa,1969,0
Zimbabwe,British Africa,1970,0
Zimbabwe,British Africa,1971,0
Zimbabwe,British Africa,1972,0
Zimbabwe,British Africa,1973,0
Zimbabwe,British Africa,1974,0
Zimbabwe,British Africa,1975,0
Zimbabwe,British Africa,1976,0
Zimbabwe,British Africa,1977,0
Zimbabwe,British Africa,1978,0
Zimbabwe,British Africa,1979,0
Zimbabwe,British Africa,1980,0
Zimbabwe,British Africa,1981,0
Zimbabwe,British Africa,1982,77.79416656
Zimbabwe,British Africa,1983,78.366008
Zimbabwe,British Africa,1984,78.93784943
Zimbabwe,British Africa,1985,79.50969086
Zimbabwe,British Africa,1986,80.08153229
Zimbabwe,British Africa,1987,80.65337372
Zimbabwe,British Africa,1988,81.22521515
Zimbabwe,British Africa,1989,81.79705658
Zimbabwe,British Africa,1990,82.36889801
Zimbabwe,British Africa,1991,82.94073944
Zimbabwe,British Africa,1992,83.51258087
Zimbabwe,British Africa,1993,83.51627189
Zimbabwe,British Africa,1994,83.51996291
Zimbabwe,British Africa,1995,83.52365393
Zimbabwe,British Africa,1996,83.52734495
Zimbabwe,British Africa,1997,83.53103598
Zimbabwe,British Africa,1998,83.534727
Zimbabwe,British Africa,1999,83.53841802
Zimbabwe,British Africa,2000,83.54210904
Zimbabwe,British Africa,2001,83.54580006
Zimbabwe,British Africa,2002,83.54949108
Zimbabwe,British Africa,2003,83.5531821
Zimbabwe,British Africa,2004,83.55687312
Zimbabwe,British Africa,2005,83.56056414
Zimbabwe,British Africa,2006,83.56425516
Zimbabwe,British Africa,2007,83.56794618
Zimbabwe,British Africa,2008,83.5716372
Zimbabwe,British Africa,2009,83.57532822
Zimbabwe,British Africa,2010,83.57901925
Zimbabwe,British Africa,2011,83.58271027
Zimbabwe,British Africa,2012,85.28628031
Zimbabwe,British Africa,2013,86.98985036
Zimbabwe,British Africa,2014,88.69342041
Zimbabwe,British Africa,2015,88.83721706
Zimbabwe,British Africa,2016,88.98101371
Zimbabwe,British Africa,2017,89.12481036
Zimbabwe,British Africa,2018,89.268607
Zimbabwe,British Africa,2019,89.41240365
Zimbabwe,British Africa,2020,89.5562003
Zimbabwe,British Africa,2021,89.69999695
